heuristica,n,m,replicacao,tempo,iteracoes,valor,parametro
BuscaMonotonaRandomizada,15,10,1,0.05,1651,99.00,0.10
BuscaMonotonaRandomizada,15,10,1,0.03,1904,99.00,0.20
BuscaMonotonaRandomizada,15,10,1,0.03,1675,99.00,0.30
BuscaMonotonaRandomizada,15,10,1,0.02,1843,99.00,0.40
BuscaMonotonaRandomizada,15,10,1,0.03,2722,99.00,0.50
BuscaMonotonaRandomizada,15,10,1,0.02,2688,99.00,0.60
BuscaMonotonaRandomizada,15,10,1,0.02,3501,99.00,0.70
BuscaMonotonaRandomizada,15,10,1,0.03,8374,100.00,0.80
BuscaMonotonaRandomizada,15,10,1,0.02,13203,102.00,0.90
BuscaLocalIterada,15,10,1,0.05,1045,99.00,0.10
BuscaLocalIterada,15,10,1,0.06,1015,99.00,0.20
BuscaLocalIterada,15,10,1,0.09,1019,99.00,0.30
BuscaLocalIterada,15,10,1,0.09,1016,99.00,0.40
BuscaLocalIterada,15,10,1,0.10,1018,99.00,0.50
BuscaLocalIterada,15,10,1,0.12,1014,99.00,0.60
BuscaLocalIterada,15,10,1,0.13,1049,99.00,0.70
BuscaLocalIterada,15,10,1,0.12,1011,99.00,0.80
BuscaLocalIterada,15,10,1,0.12,1008,99.00,0.90
BuscaTabu,15,10,1,0.02,1001,105.00,-1.00
BuscaTabu,15,10,1,0.04,1001,105.00,0.01
BuscaTabu,15,10,1,0.02,1001,105.00,0.02
BuscaTabu,15,10,1,0.02,1001,105.00,0.03
BuscaTabu,15,10,1,0.01,1001,105.00,0.04
BuscaTabu,15,10,1,0.02,1001,105.00,0.05
BuscaTabu,15,10,1,0.02,1001,105.00,0.06
BuscaTabu,15,10,1,0.02,1001,105.00,0.07
BuscaTabu,15,10,1,0.02,1001,105.00,0.08
BuscaTabu,15,10,1,0.02,1001,105.00,0.09
TemperaSimulada,15,10,1,0.00,52,121.00,0.80
TemperaSimulada,15,10,1,0.00,71,121.00,0.85
TemperaSimulada,15,10,1,0.00,110,121.00,0.90
TemperaSimulada,15,10,1,0.00,225,120.00,0.95
TemperaSimulada,15,10,1,0.00,1146,105.00,0.99
BuscaMonotonaRandomizada,15,10,2,0.02,1099,99.00,0.10
BuscaMonotonaRandomizada,15,10,2,0.02,1242,99.00,0.20
BuscaMonotonaRandomizada,15,10,2,0.02,1427,99.00,0.30
BuscaMonotonaRandomizada,15,10,2,0.02,1718,99.00,0.40
BuscaMonotonaRandomizada,15,10,2,0.02,2034,99.00,0.50
BuscaMonotonaRandomizada,15,10,2,0.02,2501,99.00,0.60
BuscaMonotonaRandomizada,15,10,2,0.02,3197,99.00,0.70
BuscaMonotonaRandomizada,15,10,2,0.02,4892,99.00,0.80
BuscaMonotonaRandomizada,15,10,2,0.02,10253,99.00,0.90
BuscaLocalIterada,15,10,2,0.03,1000,99.00,0.10
BuscaLocalIterada,15,10,2,0.06,1000,99.00,0.20
BuscaLocalIterada,15,10,2,0.07,1000,99.00,0.30
BuscaLocalIterada,15,10,2,0.09,1000,99.00,0.40
BuscaLocalIterada,15,10,2,0.09,1000,99.00,0.50
BuscaLocalIterada,15,10,2,0.10,1000,99.00,0.60
BuscaLocalIterada,15,10,2,0.09,1000,99.00,0.70
BuscaLocalIterada,15,10,2,0.10,1000,99.00,0.80
BuscaLocalIterada,15,10,2,0.10,1000,99.00,0.90
BuscaTabu,15,10,2,0.02,1001,99.00,-1.00
BuscaTabu,15,10,2,0.02,1001,99.00,0.01
BuscaTabu,15,10,2,0.02,1001,99.00,0.02
BuscaTabu,15,10,2,0.02,1001,99.00,0.03
BuscaTabu,15,10,2,0.02,1001,99.00,0.04
BuscaTabu,15,10,2,0.02,1001,99.00,0.05
BuscaTabu,15,10,2,0.02,1001,99.00,0.06
BuscaTabu,15,10,2,0.02,1001,99.00,0.07
BuscaTabu,15,10,2,0.02,1001,99.00,0.08
BuscaTabu,15,10,2,0.02,1001,99.00,0.09
TemperaSimulada,15,10,2,0.00,52,121.00,0.80
TemperaSimulada,15,10,2,0.00,71,121.00,0.85
TemperaSimulada,15,10,2,0.00,110,119.00,0.90
TemperaSimulada,15,10,2,0.00,225,112.00,0.95
TemperaSimulada,15,10,2,0.00,1146,99.00,0.99
BuscaMonotonaRandomizada,15,10,3,0.02,1096,94.00,0.10
BuscaMonotonaRandomizada,15,10,3,0.02,1253,94.00,0.20
BuscaMonotonaRandomizada,15,10,3,0.02,1445,94.00,0.30
BuscaMonotonaRandomizada,15,10,3,0.02,1643,94.00,0.40
BuscaMonotonaRandomizada,15,10,3,0.02,1970,94.00,0.50
BuscaMonotonaRandomizada,15,10,3,0.02,2506,94.00,0.60
BuscaMonotonaRandomizada,15,10,3,0.02,3391,94.00,0.70
BuscaMonotonaRandomizada,15,10,3,0.02,4923,94.00,0.80
BuscaMonotonaRandomizada,15,10,3,0.02,9933,94.00,0.90
BuscaLocalIterada,15,10,3,0.02,1000,94.00,0.10
BuscaLocalIterada,15,10,3,0.04,1000,94.00,0.20
BuscaLocalIterada,15,10,3,0.05,1000,94.00,0.30
BuscaLocalIterada,15,10,3,0.05,1000,94.00,0.40
BuscaLocalIterada,15,10,3,0.05,1000,94.00,0.50
BuscaLocalIterada,15,10,3,0.06,1000,94.00,0.60
BuscaLocalIterada,15,10,3,0.06,1000,94.00,0.70
BuscaLocalIterada,15,10,3,0.06,1000,94.00,0.80
BuscaLocalIterada,15,10,3,0.07,1000,94.00,0.90
BuscaTabu,15,10,3,0.02,1000,94.00,-1.00
BuscaTabu,15,10,3,0.02,1000,94.00,0.01
BuscaTabu,15,10,3,0.02,1000,94.00,0.02
BuscaTabu,15,10,3,0.02,1000,94.00,0.03
BuscaTabu,15,10,3,0.02,1000,94.00,0.04
BuscaTabu,15,10,3,0.02,1000,94.00,0.05
BuscaTabu,15,10,3,0.02,1000,94.00,0.06
BuscaTabu,15,10,3,0.02,1000,94.00,0.07
BuscaTabu,15,10,3,0.02,1000,94.00,0.08
BuscaTabu,15,10,3,0.02,1000,94.00,0.09
TemperaSimulada,15,10,3,0.00,52,94.00,0.80
TemperaSimulada,15,10,3,0.00,71,94.00,0.85
TemperaSimulada,15,10,3,0.00,110,94.00,0.90
TemperaSimulada,15,10,3,0.00,225,94.00,0.95
TemperaSimulada,15,10,3,0.00,1000,94.00,0.99
BuscaMonotonaRandomizada,15,10,4,0.02,1109,94.00,0.10
BuscaMonotonaRandomizada,15,10,4,0.02,1251,94.00,0.20
BuscaMonotonaRandomizada,15,10,4,0.02,1426,94.00,0.30
BuscaMonotonaRandomizada,15,10,4,0.02,1616,94.00,0.40
BuscaMonotonaRandomizada,15,10,4,0.02,1958,94.00,0.50
BuscaMonotonaRandomizada,15,10,4,0.02,2463,94.00,0.60
BuscaMonotonaRandomizada,15,10,4,0.02,3339,94.00,0.70
BuscaMonotonaRandomizada,15,10,4,0.02,5153,94.00,0.80
BuscaMonotonaRandomizada,15,10,4,0.02,10535,94.00,0.90
BuscaLocalIterada,15,10,4,0.03,1000,94.00,0.10
BuscaLocalIterada,15,10,4,0.05,1000,94.00,0.20
BuscaLocalIterada,15,10,4,0.05,1000,94.00,0.30
BuscaLocalIterada,15,10,4,0.07,1000,94.00,0.40
BuscaLocalIterada,15,10,4,0.07,1000,94.00,0.50
BuscaLocalIterada,15,10,4,0.08,1000,94.00,0.60
BuscaLocalIterada,15,10,4,0.09,1000,94.00,0.70
BuscaLocalIterada,15,10,4,0.08,1000,94.00,0.80
BuscaLocalIterada,15,10,4,0.09,1000,94.00,0.90
BuscaTabu,15,10,4,0.02,1001,94.00,-1.00
BuscaTabu,15,10,4,0.02,1001,94.00,0.01
BuscaTabu,15,10,4,0.02,1001,94.00,0.02
BuscaTabu,15,10,4,0.02,1001,94.00,0.03
BuscaTabu,15,10,4,0.02,1001,94.00,0.04
BuscaTabu,15,10,4,0.02,1001,94.00,0.05
BuscaTabu,15,10,4,0.02,1001,94.00,0.06
BuscaTabu,15,10,4,0.02,1001,94.00,0.07
BuscaTabu,15,10,4,0.02,1001,94.00,0.08
BuscaTabu,15,10,4,0.02,1001,94.00,0.09
TemperaSimulada,15,10,4,0.00,52,101.00,0.80
TemperaSimulada,15,10,4,0.00,71,99.00,0.85
TemperaSimulada,15,10,4,0.00,110,101.00,0.90
TemperaSimulada,15,10,4,0.00,225,94.00,0.95
TemperaSimulada,15,10,4,0.00,1146,94.00,0.99
BuscaMonotonaRandomizada,15,10,5,0.02,1120,111.00,0.10
BuscaMonotonaRandomizada,15,10,5,0.02,1242,111.00,0.20
BuscaMonotonaRandomizada,15,10,5,0.02,1436,111.00,0.30
BuscaMonotonaRandomizada,15,10,5,0.02,1724,111.00,0.40
BuscaMonotonaRandomizada,15,10,5,0.02,1970,111.00,0.50
BuscaMonotonaRandomizada,15,10,5,0.02,2582,111.00,0.60
BuscaMonotonaRandomizada,15,10,5,0.02,3374,111.00,0.70
BuscaMonotonaRandomizada,15,10,5,0.02,5598,111.00,0.80
BuscaMonotonaRandomizada,15,10,5,0.02,11029,111.00,0.90
BuscaLocalIterada,15,10,5,0.03,1000,111.00,0.10
BuscaLocalIterada,15,10,5,0.06,1000,111.00,0.20
BuscaLocalIterada,15,10,5,0.07,1000,111.00,0.30
BuscaLocalIterada,15,10,5,0.08,1000,111.00,0.40
BuscaLocalIterada,15,10,5,0.09,1000,111.00,0.50
BuscaLocalIterada,15,10,5,0.10,1000,111.00,0.60
BuscaLocalIterada,15,10,5,0.10,1000,111.00,0.70
BuscaLocalIterada,15,10,5,0.10,1000,111.00,0.80
BuscaLocalIterada,15,10,5,0.10,1000,111.00,0.90
BuscaTabu,15,10,5,0.02,1003,111.00,-1.00
BuscaTabu,15,10,5,0.02,1003,111.00,0.01
BuscaTabu,15,10,5,0.02,1003,111.00,0.02
BuscaTabu,15,10,5,0.02,1003,111.00,0.03
BuscaTabu,15,10,5,0.02,1003,111.00,0.04
BuscaTabu,15,10,5,0.02,1003,111.00,0.05
BuscaTabu,15,10,5,0.02,1003,111.00,0.06
BuscaTabu,15,10,5,0.02,1003,111.00,0.07
BuscaTabu,15,10,5,0.02,1003,111.00,0.08
BuscaTabu,15,10,5,0.02,1003,111.00,0.09
TemperaSimulada,15,10,5,0.00,52,134.00,0.80
TemperaSimulada,15,10,5,0.00,71,134.00,0.85
TemperaSimulada,15,10,5,0.00,110,134.00,0.90
TemperaSimulada,15,10,5,0.00,225,127.00,0.95
TemperaSimulada,15,10,5,0.00,1146,111.00,0.99
BuscaMonotonaRandomizada,15,10,6,0.02,1098,84.00,0.10
BuscaMonotonaRandomizada,15,10,6,0.02,1264,84.00,0.20
BuscaMonotonaRandomizada,15,10,6,0.02,1429,84.00,0.30
BuscaMonotonaRandomizada,15,10,6,0.02,1649,84.00,0.40
BuscaMonotonaRandomizada,15,10,6,0.02,1963,84.00,0.50
BuscaMonotonaRandomizada,15,10,6,0.02,2520,84.00,0.60
BuscaMonotonaRandomizada,15,10,6,0.02,3454,84.00,0.70
BuscaMonotonaRandomizada,15,10,6,0.01,5036,84.00,0.80
BuscaMonotonaRandomizada,15,10,6,0.02,10062,84.00,0.90
BuscaLocalIterada,15,10,6,0.03,1000,84.00,0.10
BuscaLocalIterada,15,10,6,0.05,1000,84.00,0.20
BuscaLocalIterada,15,10,6,0.05,1000,84.00,0.30
BuscaLocalIterada,15,10,6,0.06,1000,84.00,0.40
BuscaLocalIterada,15,10,6,0.06,1000,84.00,0.50
BuscaLocalIterada,15,10,6,0.07,1000,84.00,0.60
BuscaLocalIterada,15,10,6,0.07,1000,84.00,0.70
BuscaLocalIterada,15,10,6,0.08,1000,84.00,0.80
BuscaLocalIterada,15,10,6,0.08,1000,84.00,0.90
BuscaTabu,15,10,6,0.02,1001,84.00,-1.00
BuscaTabu,15,10,6,0.05,1001,84.00,0.01
BuscaTabu,15,10,6,0.02,1001,84.00,0.02
BuscaTabu,15,10,6,0.02,1001,84.00,0.03
BuscaTabu,15,10,6,0.01,1001,84.00,0.04
BuscaTabu,15,10,6,0.02,1001,84.00,0.05
BuscaTabu,15,10,6,0.02,1001,84.00,0.06
BuscaTabu,15,10,6,0.02,1001,84.00,0.07
BuscaTabu,15,10,6,0.02,1001,84.00,0.08
BuscaTabu,15,10,6,0.02,1001,84.00,0.09
TemperaSimulada,15,10,6,0.00,52,103.00,0.80
TemperaSimulada,15,10,6,0.00,71,86.00,0.85
TemperaSimulada,15,10,6,0.00,110,96.00,0.90
TemperaSimulada,15,10,6,0.00,225,84.00,0.95
TemperaSimulada,15,10,6,0.00,1146,84.00,0.99
BuscaMonotonaRandomizada,15,10,7,0.02,1107,94.00,0.10
BuscaMonotonaRandomizada,15,10,7,0.02,1266,94.00,0.20
BuscaMonotonaRandomizada,15,10,7,0.02,1403,94.00,0.30
BuscaMonotonaRandomizada,15,10,7,0.02,1659,94.00,0.40
BuscaMonotonaRandomizada,15,10,7,0.02,2022,94.00,0.50
BuscaMonotonaRandomizada,15,10,7,0.02,2521,94.00,0.60
BuscaMonotonaRandomizada,15,10,7,0.02,3221,94.00,0.70
BuscaMonotonaRandomizada,15,10,7,0.02,4993,94.00,0.80
BuscaMonotonaRandomizada,15,10,7,0.02,10574,94.00,0.90
BuscaLocalIterada,15,10,7,0.03,1000,94.00,0.10
BuscaLocalIterada,15,10,7,0.05,1000,94.00,0.20
BuscaLocalIterada,15,10,7,0.05,1000,94.00,0.30
BuscaLocalIterada,15,10,7,0.06,1000,94.00,0.40
BuscaLocalIterada,15,10,7,0.07,1000,94.00,0.50
BuscaLocalIterada,15,10,7,0.07,1000,94.00,0.60
BuscaLocalIterada,15,10,7,0.08,1000,94.00,0.70
BuscaLocalIterada,15,10,7,0.08,1000,94.00,0.80
BuscaLocalIterada,15,10,7,0.08,1000,94.00,0.90
BuscaTabu,15,10,7,0.02,1001,94.00,-1.00
BuscaTabu,15,10,7,0.02,1001,94.00,0.01
BuscaTabu,15,10,7,0.02,1001,94.00,0.02
BuscaTabu,15,10,7,0.01,1001,94.00,0.03
BuscaTabu,15,10,7,0.02,1001,94.00,0.04
BuscaTabu,15,10,7,0.02,1001,94.00,0.05
BuscaTabu,15,10,7,0.02,1001,94.00,0.06
BuscaTabu,15,10,7,0.02,1001,94.00,0.07
BuscaTabu,15,10,7,0.02,1001,94.00,0.08
BuscaTabu,15,10,7,0.02,1001,94.00,0.09
TemperaSimulada,15,10,7,0.00,52,103.00,0.80
TemperaSimulada,15,10,7,0.00,71,106.00,0.85
TemperaSimulada,15,10,7,0.00,110,106.00,0.90
TemperaSimulada,15,10,7,0.00,225,94.00,0.95
TemperaSimulada,15,10,7,0.00,1146,94.00,0.99
BuscaMonotonaRandomizada,15,10,8,0.02,1109,97.00,0.10
BuscaMonotonaRandomizada,15,10,8,0.02,1270,97.00,0.20
BuscaMonotonaRandomizada,15,10,8,0.02,1443,97.00,0.30
BuscaMonotonaRandomizada,15,10,8,0.02,1634,97.00,0.40
BuscaMonotonaRandomizada,15,10,8,0.02,2006,97.00,0.50
BuscaMonotonaRandomizada,15,10,8,0.02,2519,97.00,0.60
BuscaMonotonaRandomizada,15,10,8,0.02,3309,97.00,0.70
BuscaMonotonaRandomizada,15,10,8,0.01,4882,97.00,0.80
BuscaMonotonaRandomizada,15,10,8,0.02,10010,97.00,0.90
BuscaLocalIterada,15,10,8,0.03,1000,97.00,0.10
BuscaLocalIterada,15,10,8,0.05,1000,97.00,0.20
BuscaLocalIterada,15,10,8,0.06,1000,97.00,0.30
BuscaLocalIterada,15,10,8,0.07,1000,97.00,0.40
BuscaLocalIterada,15,10,8,0.07,1000,97.00,0.50
BuscaLocalIterada,15,10,8,0.08,1000,97.00,0.60
BuscaLocalIterada,15,10,8,0.09,1000,97.00,0.70
BuscaLocalIterada,15,10,8,0.09,1000,97.00,0.80
BuscaLocalIterada,15,10,8,0.09,1000,97.00,0.90
BuscaTabu,15,10,8,0.02,1001,97.00,-1.00
BuscaTabu,15,10,8,0.02,1001,97.00,0.01
BuscaTabu,15,10,8,0.02,1001,97.00,0.02
BuscaTabu,15,10,8,0.02,1001,97.00,0.03
BuscaTabu,15,10,8,0.02,1001,97.00,0.04
BuscaTabu,15,10,8,0.02,1001,97.00,0.05
BuscaTabu,15,10,8,0.02,1001,97.00,0.06
BuscaTabu,15,10,8,0.02,1001,97.00,0.07
BuscaTabu,15,10,8,0.02,1001,97.00,0.08
BuscaTabu,15,10,8,0.02,1001,97.00,0.09
TemperaSimulada,15,10,8,0.00,52,103.00,0.80
TemperaSimulada,15,10,8,0.00,71,103.00,0.85
TemperaSimulada,15,10,8,0.00,110,103.00,0.90
TemperaSimulada,15,10,8,0.00,225,97.00,0.95
TemperaSimulada,15,10,8,0.00,1146,97.00,0.99
BuscaMonotonaRandomizada,15,10,9,0.02,1110,95.00,0.10
BuscaMonotonaRandomizada,15,10,9,0.02,1216,95.00,0.20
BuscaMonotonaRandomizada,15,10,9,0.02,1427,95.00,0.30
BuscaMonotonaRandomizada,15,10,9,0.02,1670,95.00,0.40
BuscaMonotonaRandomizada,15,10,9,0.02,2013,95.00,0.50
BuscaMonotonaRandomizada,15,10,9,0.02,2553,95.00,0.60
BuscaMonotonaRandomizada,15,10,9,0.02,3291,95.00,0.70
BuscaMonotonaRandomizada,15,10,9,0.02,4951,95.00,0.80
BuscaMonotonaRandomizada,15,10,9,0.02,10364,95.00,0.90
BuscaLocalIterada,15,10,9,0.03,1000,95.00,0.10
BuscaLocalIterada,15,10,9,0.06,1000,95.00,0.20
BuscaLocalIterada,15,10,9,0.05,1000,95.00,0.30
BuscaLocalIterada,15,10,9,0.06,1000,95.00,0.40
BuscaLocalIterada,15,10,9,0.07,1000,95.00,0.50
BuscaLocalIterada,15,10,9,0.07,1000,95.00,0.60
BuscaLocalIterada,15,10,9,0.08,1000,95.00,0.70
BuscaLocalIterada,15,10,9,0.08,1000,95.00,0.80
BuscaLocalIterada,15,10,9,0.09,1000,95.00,0.90
BuscaTabu,15,10,9,0.03,1000,95.00,-1.00
BuscaTabu,15,10,9,0.03,1000,95.00,0.01
BuscaTabu,15,10,9,0.02,1000,95.00,0.02
BuscaTabu,15,10,9,0.02,1000,95.00,0.03
BuscaTabu,15,10,9,0.02,1000,95.00,0.04
BuscaTabu,15,10,9,0.02,1000,95.00,0.05
BuscaTabu,15,10,9,0.02,1000,95.00,0.06
BuscaTabu,15,10,9,0.02,1000,95.00,0.07
BuscaTabu,15,10,9,0.02,1000,95.00,0.08
BuscaTabu,15,10,9,0.02,1000,95.00,0.09
TemperaSimulada,15,10,9,0.00,52,95.00,0.80
TemperaSimulada,15,10,9,0.00,71,95.00,0.85
TemperaSimulada,15,10,9,0.00,110,95.00,0.90
TemperaSimulada,15,10,9,0.00,225,95.00,0.95
TemperaSimulada,15,10,9,0.00,1000,95.00,0.99
BuscaMonotonaRandomizada,15,10,10,0.02,1108,100.00,0.10
BuscaMonotonaRandomizada,15,10,10,0.02,1222,100.00,0.20
BuscaMonotonaRandomizada,15,10,10,0.02,1443,100.00,0.30
BuscaMonotonaRandomizada,15,10,10,0.02,1708,100.00,0.40
BuscaMonotonaRandomizada,15,10,10,0.02,1993,100.00,0.50
BuscaMonotonaRandomizada,15,10,10,0.02,2429,100.00,0.60
BuscaMonotonaRandomizada,15,10,10,0.02,3302,100.00,0.70
BuscaMonotonaRandomizada,15,10,10,0.02,4909,100.00,0.80
BuscaMonotonaRandomizada,15,10,10,0.02,9729,100.00,0.90
BuscaLocalIterada,15,10,10,0.02,1000,100.00,0.10
BuscaLocalIterada,15,10,10,0.05,1000,100.00,0.20
BuscaLocalIterada,15,10,10,0.05,1000,100.00,0.30
BuscaLocalIterada,15,10,10,0.06,1000,100.00,0.40
BuscaLocalIterada,15,10,10,0.06,1000,100.00,0.50
BuscaLocalIterada,15,10,10,0.07,1000,100.00,0.60
BuscaLocalIterada,15,10,10,0.07,1000,100.00,0.70
BuscaLocalIterada,15,10,10,0.08,1000,100.00,0.80
BuscaLocalIterada,15,10,10,0.08,1000,100.00,0.90
BuscaTabu,15,10,10,0.02,1001,100.00,-1.00
BuscaTabu,15,10,10,0.02,1001,100.00,0.01
BuscaTabu,15,10,10,0.02,1001,100.00,0.02
BuscaTabu,15,10,10,0.01,1001,100.00,0.03
BuscaTabu,15,10,10,0.02,1001,100.00,0.04
BuscaTabu,15,10,10,0.02,1001,100.00,0.05
BuscaTabu,15,10,10,0.02,1001,100.00,0.06
BuscaTabu,15,10,10,0.02,1001,100.00,0.07
BuscaTabu,15,10,10,0.02,1001,100.00,0.08
BuscaTabu,15,10,10,0.02,1001,100.00,0.09
TemperaSimulada,15,10,10,0.00,52,106.00,0.80
TemperaSimulada,15,10,10,0.00,71,106.00,0.85
TemperaSimulada,15,10,10,0.00,110,106.00,0.90
TemperaSimulada,15,10,10,0.00,225,100.00,0.95
TemperaSimulada,15,10,10,0.00,1146,100.00,0.99
BuscaMonotonaRandomizada,20,10,1,0.03,1227,135.00,0.10
BuscaMonotonaRandomizada,20,10,1,0.03,1908,129.00,0.20
BuscaMonotonaRandomizada,20,10,1,0.03,1776,133.00,0.30
BuscaMonotonaRandomizada,20,10,1,0.02,1771,130.00,0.40
BuscaMonotonaRandomizada,20,10,1,0.05,4906,131.00,0.50
BuscaMonotonaRandomizada,20,10,1,0.02,2608,132.00,0.60
BuscaMonotonaRandomizada,20,10,1,0.03,4460,135.00,0.70
BuscaMonotonaRandomizada,20,10,1,0.05,11299,140.00,0.80
BuscaMonotonaRandomizada,20,10,1,0.03,13241,146.00,0.90
BuscaLocalIterada,20,10,1,0.08,1199,129.00,0.10
BuscaLocalIterada,20,10,1,0.14,1374,129.00,0.20
BuscaLocalIterada,20,10,1,0.21,1796,129.00,0.30
BuscaLocalIterada,20,10,1,0.18,1271,129.00,0.40
BuscaLocalIterada,20,10,1,0.24,1457,129.00,0.50
BuscaLocalIterada,20,10,1,0.32,2046,129.00,0.60
BuscaLocalIterada,20,10,1,0.28,1886,129.00,0.70
BuscaLocalIterada,20,10,1,0.18,1165,131.00,0.80
BuscaLocalIterada,20,10,1,0.17,1068,132.00,0.90
BuscaTabu,20,10,1,0.03,1000,172.00,-1.00
BuscaTabu,20,10,1,0.02,1000,172.00,0.01
BuscaTabu,20,10,1,0.02,1000,172.00,0.02
BuscaTabu,20,10,1,0.02,1000,172.00,0.03
BuscaTabu,20,10,1,0.02,1000,172.00,0.04
BuscaTabu,20,10,1,0.02,1000,172.00,0.05
BuscaTabu,20,10,1,0.03,1000,172.00,0.06
BuscaTabu,20,10,1,0.04,1000,172.00,0.07
BuscaTabu,20,10,1,0.03,1000,172.00,0.08
BuscaTabu,20,10,1,0.02,1000,172.00,0.09
TemperaSimulada,20,10,1,0.00,52,172.00,0.80
TemperaSimulada,20,10,1,0.00,71,172.00,0.85
TemperaSimulada,20,10,1,0.00,110,161.00,0.90
TemperaSimulada,20,10,1,0.00,225,172.00,0.95
TemperaSimulada,20,10,1,0.00,1146,145.00,0.99
BuscaMonotonaRandomizada,20,10,2,0.02,1100,93.00,0.10
BuscaMonotonaRandomizada,20,10,2,0.02,1243,93.00,0.20
BuscaMonotonaRandomizada,20,10,2,0.02,1428,93.00,0.30
BuscaMonotonaRandomizada,20,10,2,0.02,1719,93.00,0.40
BuscaMonotonaRandomizada,20,10,2,0.02,2048,93.00,0.50
BuscaMonotonaRandomizada,20,10,2,0.02,2516,93.00,0.60
BuscaMonotonaRandomizada,20,10,2,0.02,3220,93.00,0.70
BuscaMonotonaRandomizada,20,10,2,0.02,4914,93.00,0.80
BuscaMonotonaRandomizada,20,10,2,0.02,10274,93.00,0.90
BuscaLocalIterada,20,10,2,0.04,1000,93.00,0.10
BuscaLocalIterada,20,10,2,0.05,1000,93.00,0.20
BuscaLocalIterada,20,10,2,0.07,1000,93.00,0.30
BuscaLocalIterada,20,10,2,0.08,1000,93.00,0.40
BuscaLocalIterada,20,10,2,0.08,1000,93.00,0.50
BuscaLocalIterada,20,10,2,0.09,1000,93.00,0.60
BuscaLocalIterada,20,10,2,0.10,1000,93.00,0.70
BuscaLocalIterada,20,10,2,0.10,1000,93.00,0.80
BuscaLocalIterada,20,10,2,0.10,1000,93.00,0.90
BuscaTabu,20,10,2,0.02,1002,93.00,-1.00
BuscaTabu,20,10,2,0.02,1002,93.00,0.01
BuscaTabu,20,10,2,0.02,1002,93.00,0.02
BuscaTabu,20,10,2,0.02,1002,93.00,0.03
BuscaTabu,20,10,2,0.02,1002,93.00,0.04
BuscaTabu,20,10,2,0.02,1002,93.00,0.05
BuscaTabu,20,10,2,0.02,1002,93.00,0.06
BuscaTabu,20,10,2,0.02,1002,93.00,0.07
BuscaTabu,20,10,2,0.02,1002,93.00,0.08
BuscaTabu,20,10,2,0.02,1002,93.00,0.09
TemperaSimulada,20,10,2,0.00,52,110.00,0.80
TemperaSimulada,20,10,2,0.00,71,96.00,0.85
TemperaSimulada,20,10,2,0.00,110,109.00,0.90
TemperaSimulada,20,10,2,0.00,225,93.00,0.95
TemperaSimulada,20,10,2,0.00,1146,93.00,0.99
BuscaMonotonaRandomizada,20,10,3,0.05,2558,124.00,0.10
BuscaMonotonaRandomizada,20,10,3,0.04,1941,124.00,0.20
BuscaMonotonaRandomizada,20,10,3,0.04,1800,124.00,0.30
BuscaMonotonaRandomizada,20,10,3,0.05,2381,125.00,0.40
BuscaMonotonaRandomizada,20,10,3,0.04,2963,126.00,0.50
BuscaMonotonaRandomizada,20,10,3,0.04,4618,125.00,0.60
BuscaMonotonaRandomizada,20,10,3,0.03,4234,128.00,0.70
BuscaMonotonaRandomizada,20,10,3,0.03,7347,132.00,0.80
BuscaMonotonaRandomizada,20,10,3,0.08,29743,133.00,0.90
BuscaLocalIterada,20,10,3,0.10,1700,124.00,0.10
BuscaLocalIterada,20,10,3,0.11,1036,124.00,0.20
BuscaLocalIterada,20,10,3,0.14,1226,124.00,0.30
BuscaLocalIterada,20,10,3,0.14,1035,124.00,0.40
BuscaLocalIterada,20,10,3,0.15,1054,124.00,0.50
BuscaLocalIterada,20,10,3,0.18,1021,124.00,0.60
BuscaLocalIterada,20,10,3,0.21,1264,124.00,0.70
BuscaLocalIterada,20,10,3,0.24,1437,124.00,0.80
BuscaLocalIterada,20,10,3,0.23,1486,124.00,0.90
BuscaTabu,20,10,3,0.02,1000,152.00,-1.00
BuscaTabu,20,10,3,0.02,1000,152.00,0.01
BuscaTabu,20,10,3,0.02,1000,152.00,0.02
BuscaTabu,20,10,3,0.02,1000,152.00,0.03
BuscaTabu,20,10,3,0.02,1000,152.00,0.04
BuscaTabu,20,10,3,0.02,1000,152.00,0.05
BuscaTabu,20,10,3,0.02,1000,152.00,0.06
BuscaTabu,20,10,3,0.02,1000,152.00,0.07
BuscaTabu,20,10,3,0.03,1000,152.00,0.08
BuscaTabu,20,10,3,0.02,1000,152.00,0.09
TemperaSimulada,20,10,3,0.00,52,152.00,0.80
TemperaSimulada,20,10,3,0.00,71,152.00,0.85
TemperaSimulada,20,10,3,0.00,110,140.00,0.90
TemperaSimulada,20,10,3,0.00,225,146.00,0.95
TemperaSimulada,20,10,3,0.00,1146,133.00,0.99
BuscaMonotonaRandomizada,20,10,4,0.03,1538,123.00,0.10
BuscaMonotonaRandomizada,20,10,4,0.04,2066,120.00,0.20
BuscaMonotonaRandomizada,20,10,4,0.03,2074,120.00,0.30
BuscaMonotonaRandomizada,20,10,4,0.05,3041,120.00,0.40
BuscaMonotonaRandomizada,20,10,4,0.06,2823,120.00,0.50
BuscaMonotonaRandomizada,20,10,4,0.04,3536,123.00,0.60
BuscaMonotonaRandomizada,20,10,4,0.03,4161,123.00,0.70
BuscaMonotonaRandomizada,20,10,4,0.04,6749,123.00,0.80
BuscaMonotonaRandomizada,20,10,4,0.03,14554,127.00,0.90
BuscaLocalIterada,20,10,4,0.09,1538,120.00,0.10
BuscaLocalIterada,20,10,4,0.12,1340,120.00,0.20
BuscaLocalIterada,20,10,4,0.14,1105,120.00,0.30
BuscaLocalIterada,20,10,4,0.19,1371,120.00,0.40
BuscaLocalIterada,20,10,4,0.16,1028,120.00,0.50
BuscaLocalIterada,20,10,4,0.17,1026,120.00,0.60
BuscaLocalIterada,20,10,4,0.18,1045,120.00,0.70
BuscaLocalIterada,20,10,4,0.15,1005,120.00,0.80
BuscaLocalIterada,20,10,4,0.16,1081,120.00,0.90
BuscaTabu,20,10,4,0.02,1001,130.00,-1.00
BuscaTabu,20,10,4,0.02,1001,130.00,0.01
BuscaTabu,20,10,4,0.02,1001,130.00,0.02
BuscaTabu,20,10,4,0.02,1001,130.00,0.03
BuscaTabu,20,10,4,0.02,1001,130.00,0.04
BuscaTabu,20,10,4,0.02,1001,130.00,0.05
BuscaTabu,20,10,4,0.03,1001,130.00,0.06
BuscaTabu,20,10,4,0.02,1001,130.00,0.07
BuscaTabu,20,10,4,0.02,1001,130.00,0.08
BuscaTabu,20,10,4,0.03,1001,130.00,0.09
TemperaSimulada,20,10,4,0.00,52,134.00,0.80
TemperaSimulada,20,10,4,0.00,71,134.00,0.85
TemperaSimulada,20,10,4,0.00,110,134.00,0.90
TemperaSimulada,20,10,4,0.00,225,133.00,0.95
TemperaSimulada,20,10,4,0.00,1146,123.00,0.99
BuscaMonotonaRandomizada,20,10,5,0.05,2383,103.00,0.10
BuscaMonotonaRandomizada,20,10,5,0.03,1685,105.00,0.20
BuscaMonotonaRandomizada,20,10,5,0.04,2656,103.00,0.30
BuscaMonotonaRandomizada,20,10,5,0.03,2138,104.00,0.40
BuscaMonotonaRandomizada,20,10,5,0.03,2910,103.00,0.50
BuscaMonotonaRandomizada,20,10,5,0.02,2761,109.00,0.60
BuscaMonotonaRandomizada,20,10,5,0.02,3518,109.00,0.70
BuscaMonotonaRandomizada,20,10,5,0.04,10052,109.00,0.80
BuscaMonotonaRandomizada,20,10,5,0.04,19326,113.00,0.90
BuscaLocalIterada,20,10,5,0.07,1096,103.00,0.10
BuscaLocalIterada,20,10,5,0.10,1033,103.00,0.20
BuscaLocalIterada,20,10,5,0.12,1034,103.00,0.30
BuscaLocalIterada,20,10,5,0.15,1154,103.00,0.40
BuscaLocalIterada,20,10,5,0.16,1105,103.00,0.50
BuscaLocalIterada,20,10,5,0.16,1025,103.00,0.60
BuscaLocalIterada,20,10,5,0.16,1036,103.00,0.70
BuscaLocalIterada,20,10,5,0.16,1057,103.00,0.80
BuscaLocalIterada,20,10,5,0.19,1214,103.00,0.90
BuscaTabu,20,10,5,0.03,1005,114.00,-1.00
BuscaTabu,20,10,5,0.02,1005,114.00,0.01
BuscaTabu,20,10,5,0.02,1005,114.00,0.02
BuscaTabu,20,10,5,0.02,1005,114.00,0.03
BuscaTabu,20,10,5,0.02,1005,114.00,0.04
BuscaTabu,20,10,5,0.03,1005,114.00,0.05
BuscaTabu,20,10,5,0.02,1005,114.00,0.06
BuscaTabu,20,10,5,0.02,1005,114.00,0.07
BuscaTabu,20,10,5,0.03,1005,114.00,0.08
BuscaTabu,20,10,5,0.02,1005,114.00,0.09
TemperaSimulada,20,10,5,0.00,52,132.00,0.80
TemperaSimulada,20,10,5,0.00,71,135.00,0.85
TemperaSimulada,20,10,5,0.00,110,147.00,0.90
TemperaSimulada,20,10,5,0.00,225,123.00,0.95
TemperaSimulada,20,10,5,0.00,1146,112.00,0.99
BuscaMonotonaRandomizada,20,10,6,0.03,1355,98.00,0.10
BuscaMonotonaRandomizada,20,10,6,0.03,1319,98.00,0.20
BuscaMonotonaRandomizada,20,10,6,0.02,1669,97.00,0.30
BuscaMonotonaRandomizada,20,10,6,0.02,1768,97.00,0.40
BuscaMonotonaRandomizada,20,10,6,0.02,2158,97.00,0.50
BuscaMonotonaRandomizada,20,10,6,0.03,3103,97.00,0.60
BuscaMonotonaRandomizada,20,10,6,0.03,4509,97.00,0.70
BuscaMonotonaRandomizada,20,10,6,0.03,7709,97.00,0.80
BuscaMonotonaRandomizada,20,10,6,0.03,15245,98.00,0.90
BuscaLocalIterada,20,10,6,0.06,1066,97.00,0.10
BuscaLocalIterada,20,10,6,0.08,1012,97.00,0.20
BuscaLocalIterada,20,10,6,0.11,1024,97.00,0.30
BuscaLocalIterada,20,10,6,0.13,1034,97.00,0.40
BuscaLocalIterada,20,10,6,0.15,1011,97.00,0.50
BuscaLocalIterada,20,10,6,0.14,1011,97.00,0.60
BuscaLocalIterada,20,10,6,0.14,1004,97.00,0.70
BuscaLocalIterada,20,10,6,0.15,1027,97.00,0.80
BuscaLocalIterada,20,10,6,0.17,1008,97.00,0.90
BuscaTabu,20,10,6,0.03,1001,100.00,-1.00
BuscaTabu,20,10,6,0.03,1001,100.00,0.01
BuscaTabu,20,10,6,0.02,1001,100.00,0.02
BuscaTabu,20,10,6,0.02,1001,100.00,0.03
BuscaTabu,20,10,6,0.02,1001,100.00,0.04
BuscaTabu,20,10,6,0.02,1001,100.00,0.05
BuscaTabu,20,10,6,0.02,1001,100.00,0.06
BuscaTabu,20,10,6,0.02,1001,100.00,0.07
BuscaTabu,20,10,6,0.02,1001,100.00,0.08
BuscaTabu,20,10,6,0.02,1001,100.00,0.09
TemperaSimulada,20,10,6,0.00,52,111.00,0.80
TemperaSimulada,20,10,6,0.00,71,111.00,0.85
TemperaSimulada,20,10,6,0.00,110,111.00,0.90
TemperaSimulada,20,10,6,0.00,225,111.00,0.95
TemperaSimulada,20,10,6,0.00,1000,111.00,0.99
BuscaMonotonaRandomizada,20,10,7,0.02,1159,119.00,0.10
BuscaMonotonaRandomizada,20,10,7,0.02,1296,121.00,0.20
BuscaMonotonaRandomizada,20,10,7,0.02,1403,123.00,0.30
BuscaMonotonaRandomizada,20,10,7,0.03,1807,122.00,0.40
BuscaMonotonaRandomizada,20,10,7,0.04,3336,119.00,0.50
BuscaMonotonaRandomizada,20,10,7,0.03,3557,122.00,0.60
BuscaMonotonaRandomizada,20,10,7,0.03,3775,126.00,0.70
BuscaMonotonaRandomizada,20,10,7,0.04,8750,124.00,0.80
BuscaMonotonaRandomizada,20,10,7,0.05,22780,129.00,0.90
BuscaLocalIterada,20,10,7,0.08,1178,119.00,0.10
BuscaLocalIterada,20,10,7,0.11,1154,119.00,0.20
BuscaLocalIterada,20,10,7,0.12,1071,119.00,0.30
BuscaLocalIterada,20,10,7,0.15,1198,119.00,0.40
BuscaLocalIterada,20,10,7,0.15,1087,119.00,0.50
BuscaLocalIterada,20,10,7,0.15,1053,119.00,0.60
BuscaLocalIterada,20,10,7,0.16,1033,119.00,0.70
BuscaLocalIterada,20,10,7,0.22,1518,119.00,0.80
BuscaLocalIterada,20,10,7,0.22,1527,119.00,0.90
BuscaTabu,20,10,7,0.02,1001,123.00,-1.00
BuscaTabu,20,10,7,0.02,1001,123.00,0.01
BuscaTabu,20,10,7,0.02,1001,123.00,0.02
BuscaTabu,20,10,7,0.03,1001,123.00,0.03
BuscaTabu,20,10,7,0.02,1001,123.00,0.04
BuscaTabu,20,10,7,0.03,1001,123.00,0.05
BuscaTabu,20,10,7,0.02,1001,123.00,0.06
BuscaTabu,20,10,7,0.03,1001,123.00,0.07
BuscaTabu,20,10,7,0.02,1001,123.00,0.08
BuscaTabu,20,10,7,0.02,1001,123.00,0.09
TemperaSimulada,20,10,7,0.00,52,151.00,0.80
TemperaSimulada,20,10,7,0.00,71,151.00,0.85
TemperaSimulada,20,10,7,0.00,110,151.00,0.90
TemperaSimulada,20,10,7,0.00,225,151.00,0.95
TemperaSimulada,20,10,7,0.00,1146,126.00,0.99
BuscaMonotonaRandomizada,20,10,8,0.02,1166,110.00,0.10
BuscaMonotonaRandomizada,20,10,8,0.03,1609,110.00,0.20
BuscaMonotonaRandomizada,20,10,8,0.04,2373,111.00,0.30
BuscaMonotonaRandomizada,20,10,8,0.03,2247,111.00,0.40
BuscaMonotonaRandomizada,20,10,8,0.03,2440,111.00,0.50
BuscaMonotonaRandomizada,20,10,8,0.04,4681,110.00,0.60
BuscaMonotonaRandomizada,20,10,8,0.03,5072,115.00,0.70
BuscaMonotonaRandomizada,20,10,8,0.03,6048,116.00,0.80
BuscaMonotonaRandomizada,20,10,8,0.03,15427,121.00,0.90
BuscaLocalIterada,20,10,8,0.07,1002,110.00,0.10
BuscaLocalIterada,20,10,8,0.10,1013,110.00,0.20
BuscaLocalIterada,20,10,8,0.12,1003,110.00,0.30
BuscaLocalIterada,20,10,8,0.15,1129,110.00,0.40
BuscaLocalIterada,20,10,8,0.22,1610,110.00,0.50
BuscaLocalIterada,20,10,8,0.15,1037,110.00,0.60
BuscaLocalIterada,20,10,8,0.15,1006,110.00,0.70
BuscaLocalIterada,20,10,8,0.16,1056,110.00,0.80
BuscaLocalIterada,20,10,8,0.17,1085,110.00,0.90
BuscaTabu,20,10,8,0.02,1002,126.00,-1.00
BuscaTabu,20,10,8,0.02,1002,126.00,0.01
BuscaTabu,20,10,8,0.02,1002,126.00,0.02
BuscaTabu,20,10,8,0.02,1002,126.00,0.03
BuscaTabu,20,10,8,0.02,1002,126.00,0.04
BuscaTabu,20,10,8,0.03,1002,126.00,0.05
BuscaTabu,20,10,8,0.03,1002,126.00,0.06
BuscaTabu,20,10,8,0.02,1002,126.00,0.07
BuscaTabu,20,10,8,0.02,1002,126.00,0.08
BuscaTabu,20,10,8,0.02,1002,126.00,0.09
TemperaSimulada,20,10,8,0.00,52,133.00,0.80
TemperaSimulada,20,10,8,0.00,71,133.00,0.85
TemperaSimulada,20,10,8,0.00,110,128.00,0.90
TemperaSimulada,20,10,8,0.00,225,133.00,0.95
TemperaSimulada,20,10,8,0.00,1146,127.00,0.99
BuscaMonotonaRandomizada,20,10,9,0.02,1255,105.00,0.10
BuscaMonotonaRandomizada,20,10,9,0.04,1367,105.00,0.20
BuscaMonotonaRandomizada,20,10,9,0.03,1693,105.00,0.30
BuscaMonotonaRandomizada,20,10,9,0.03,1764,105.00,0.40
BuscaMonotonaRandomizada,20,10,9,0.02,2077,105.00,0.50
BuscaMonotonaRandomizada,20,10,9,0.02,2772,105.00,0.60
BuscaMonotonaRandomizada,20,10,9,0.02,3508,105.00,0.70
BuscaMonotonaRandomizada,20,10,9,0.03,6040,105.00,0.80
BuscaMonotonaRandomizada,20,10,9,0.04,20814,109.00,0.90
BuscaLocalIterada,20,10,9,0.07,1021,105.00,0.10
BuscaLocalIterada,20,10,9,0.12,1040,105.00,0.20
BuscaLocalIterada,20,10,9,0.13,1034,105.00,0.30
BuscaLocalIterada,20,10,9,0.13,1001,105.00,0.40
BuscaLocalIterada,20,10,9,0.14,1008,105.00,0.50
BuscaLocalIterada,20,10,9,0.15,1003,105.00,0.60
BuscaLocalIterada,20,10,9,0.20,1013,105.00,0.70
BuscaLocalIterada,20,10,9,0.16,1016,105.00,0.80
BuscaLocalIterada,20,10,9,0.16,1005,105.00,0.90
BuscaTabu,20,10,9,0.02,1000,117.00,-1.00
BuscaTabu,20,10,9,0.02,1000,117.00,0.01
BuscaTabu,20,10,9,0.02,1000,117.00,0.02
BuscaTabu,20,10,9,0.02,1000,117.00,0.03
BuscaTabu,20,10,9,0.02,1000,117.00,0.04
BuscaTabu,20,10,9,0.02,1000,117.00,0.05
BuscaTabu,20,10,9,0.02,1000,117.00,0.06
BuscaTabu,20,10,9,0.02,1000,117.00,0.07
BuscaTabu,20,10,9,0.02,1000,117.00,0.08
BuscaTabu,20,10,9,0.02,1000,117.00,0.09
TemperaSimulada,20,10,9,0.00,52,117.00,0.80
TemperaSimulada,20,10,9,0.00,71,117.00,0.85
TemperaSimulada,20,10,9,0.00,110,117.00,0.90
TemperaSimulada,20,10,9,0.00,225,108.00,0.95
TemperaSimulada,20,10,9,0.00,1146,110.00,0.99
BuscaMonotonaRandomizada,20,10,10,0.02,1139,102.00,0.10
BuscaMonotonaRandomizada,20,10,10,0.04,2556,102.00,0.20
BuscaMonotonaRandomizada,20,10,10,0.04,2810,102.00,0.30
BuscaMonotonaRandomizada,20,10,10,0.04,3142,102.00,0.40
BuscaMonotonaRandomizada,20,10,10,0.05,3062,102.00,0.50
BuscaMonotonaRandomizada,20,10,10,0.03,3117,102.00,0.60
BuscaMonotonaRandomizada,20,10,10,0.04,5267,102.00,0.70
BuscaMonotonaRandomizada,20,10,10,0.05,9742,102.00,0.80
BuscaMonotonaRandomizada,20,10,10,0.03,12393,111.00,0.90
BuscaLocalIterada,20,10,10,0.07,1023,102.00,0.10
BuscaLocalIterada,20,10,10,0.10,1003,102.00,0.20
BuscaLocalIterada,20,10,10,0.13,1053,102.00,0.30
BuscaLocalIterada,20,10,10,0.15,1066,102.00,0.40
BuscaLocalIterada,20,10,10,0.16,1002,102.00,0.50
BuscaLocalIterada,20,10,10,0.16,1045,102.00,0.60
BuscaLocalIterada,20,10,10,0.17,1060,102.00,0.70
BuscaLocalIterada,20,10,10,0.17,1056,102.00,0.80
BuscaLocalIterada,20,10,10,0.17,1080,102.00,0.90
BuscaTabu,20,10,10,0.04,1002,116.00,-1.00
BuscaTabu,20,10,10,0.02,1002,116.00,0.01
BuscaTabu,20,10,10,0.02,1002,116.00,0.02
BuscaTabu,20,10,10,0.02,1002,116.00,0.03
BuscaTabu,20,10,10,0.02,1002,116.00,0.04
BuscaTabu,20,10,10,0.02,1002,116.00,0.05
BuscaTabu,20,10,10,0.02,1002,116.00,0.06
BuscaTabu,20,10,10,0.02,1002,116.00,0.07
BuscaTabu,20,10,10,0.02,1002,116.00,0.08
BuscaTabu,20,10,10,0.02,1002,116.00,0.09
TemperaSimulada,20,10,10,0.00,52,129.00,0.80
TemperaSimulada,20,10,10,0.00,71,137.00,0.85
TemperaSimulada,20,10,10,0.00,110,137.00,0.90
TemperaSimulada,20,10,10,0.00,225,136.00,0.95
TemperaSimulada,20,10,10,0.00,1146,102.00,0.99
BuscaMonotonaRandomizada,30,20,1,0.11,1118,100.00,0.10
BuscaMonotonaRandomizada,30,20,1,0.10,1260,100.00,0.20
BuscaMonotonaRandomizada,30,20,1,0.10,1418,100.00,0.30
BuscaMonotonaRandomizada,30,20,1,0.10,1678,100.00,0.40
BuscaMonotonaRandomizada,30,20,1,0.11,2012,100.00,0.50
BuscaMonotonaRandomizada,30,20,1,0.10,2456,100.00,0.60
BuscaMonotonaRandomizada,30,20,1,0.31,10905,100.00,0.70
BuscaMonotonaRandomizada,30,20,1,0.12,6174,108.00,0.80
BuscaMonotonaRandomizada,30,20,1,0.17,17866,112.00,0.90
BuscaLocalIterada,30,20,1,0.39,1000,100.00,0.10
BuscaLocalIterada,30,20,1,0.62,1000,100.00,0.20
BuscaLocalIterada,30,20,1,0.71,1000,100.00,0.30
BuscaLocalIterada,30,20,1,0.79,1000,100.00,0.40
BuscaLocalIterada,30,20,1,0.81,1000,100.00,0.50
BuscaLocalIterada,30,20,1,0.84,1000,100.00,0.60
BuscaLocalIterada,30,20,1,0.88,1000,100.00,0.70
BuscaLocalIterada,30,20,1,0.90,1000,100.00,0.80
BuscaLocalIterada,30,20,1,0.92,1000,100.00,0.90
BuscaTabu,30,20,1,0.11,1003,100.00,-1.00
BuscaTabu,30,20,1,0.10,1003,100.00,0.01
BuscaTabu,30,20,1,0.10,1003,100.00,0.02
BuscaTabu,30,20,1,0.10,1003,100.00,0.03
BuscaTabu,30,20,1,0.11,1003,100.00,0.04
BuscaTabu,30,20,1,0.11,1003,100.00,0.05
BuscaTabu,30,20,1,0.11,1003,100.00,0.06
BuscaTabu,30,20,1,0.11,1003,100.00,0.07
BuscaTabu,30,20,1,0.11,1003,100.00,0.08
BuscaTabu,30,20,1,0.11,1003,100.00,0.09
TemperaSimulada,30,20,1,0.00,52,130.00,0.80
TemperaSimulada,30,20,1,0.00,71,130.00,0.85
TemperaSimulada,30,20,1,0.00,110,130.00,0.90
TemperaSimulada,30,20,1,0.00,225,130.00,0.95
TemperaSimulada,30,20,1,0.00,1146,100.00,0.99
BuscaMonotonaRandomizada,30,20,2,0.10,1100,98.00,0.10
BuscaMonotonaRandomizada,30,20,2,0.10,1243,98.00,0.20
BuscaMonotonaRandomizada,30,20,2,0.10,1428,98.00,0.30
BuscaMonotonaRandomizada,30,20,2,0.10,1719,98.00,0.40
BuscaMonotonaRandomizada,30,20,2,0.10,2048,98.00,0.50
BuscaMonotonaRandomizada,30,20,2,0.10,2516,98.00,0.60
BuscaMonotonaRandomizada,30,20,2,0.10,3339,98.00,0.70
BuscaMonotonaRandomizada,30,20,2,0.11,5601,98.00,0.80
BuscaMonotonaRandomizada,30,20,2,0.10,10253,99.00,0.90
BuscaLocalIterada,30,20,2,0.32,1000,98.00,0.10
BuscaLocalIterada,30,20,2,0.49,1000,98.00,0.20
BuscaLocalIterada,30,20,2,0.61,1000,98.00,0.30
BuscaLocalIterada,30,20,2,0.65,1000,98.00,0.40
BuscaLocalIterada,30,20,2,0.71,1000,98.00,0.50
BuscaLocalIterada,30,20,2,0.74,1000,98.00,0.60
BuscaLocalIterada,30,20,2,0.77,1000,98.00,0.70
BuscaLocalIterada,30,20,2,0.77,1000,98.00,0.80
BuscaLocalIterada,30,20,2,0.78,1000,98.00,0.90
BuscaTabu,30,20,2,0.11,1002,98.00,-1.00
BuscaTabu,30,20,2,0.10,1002,98.00,0.01
BuscaTabu,30,20,2,0.10,1002,98.00,0.02
BuscaTabu,30,20,2,0.10,1002,98.00,0.03
BuscaTabu,30,20,2,0.11,1002,98.00,0.04
BuscaTabu,30,20,2,0.11,1002,98.00,0.05
BuscaTabu,30,20,2,0.11,1002,98.00,0.06
BuscaTabu,30,20,2,0.11,1002,98.00,0.07
BuscaTabu,30,20,2,0.11,1002,98.00,0.08
BuscaTabu,30,20,2,0.11,1002,98.00,0.09
TemperaSimulada,30,20,2,0.00,52,99.00,0.80
TemperaSimulada,30,20,2,0.00,71,99.00,0.85
TemperaSimulada,30,20,2,0.00,110,99.00,0.90
TemperaSimulada,30,20,2,0.00,225,99.00,0.95
TemperaSimulada,30,20,2,0.00,1146,98.00,0.99
BuscaMonotonaRandomizada,30,20,3,0.11,1098,100.00,0.10
BuscaMonotonaRandomizada,30,20,3,0.10,1255,100.00,0.20
BuscaMonotonaRandomizada,30,20,3,0.10,1451,100.00,0.30
BuscaMonotonaRandomizada,30,20,3,0.10,1651,100.00,0.40
BuscaMonotonaRandomizada,30,20,3,0.10,1979,100.00,0.50
BuscaMonotonaRandomizada,30,20,3,0.10,2521,100.00,0.60
BuscaMonotonaRandomizada,30,20,3,0.10,3413,100.00,0.70
BuscaMonotonaRandomizada,30,20,3,0.19,9799,100.00,0.80
BuscaMonotonaRandomizada,30,20,3,0.10,9933,106.00,0.90
BuscaLocalIterada,30,20,3,0.34,1000,100.00,0.10
BuscaLocalIterada,30,20,3,0.58,1000,100.00,0.20
BuscaLocalIterada,30,20,3,0.62,1000,100.00,0.30
BuscaLocalIterada,30,20,3,0.66,1000,100.00,0.40
BuscaLocalIterada,30,20,3,0.73,1000,100.00,0.50
BuscaLocalIterada,30,20,3,0.77,1000,100.00,0.60
BuscaLocalIterada,30,20,3,0.76,1000,100.00,0.70
BuscaLocalIterada,30,20,3,0.80,1000,100.00,0.80
BuscaLocalIterada,30,20,3,0.83,1000,100.00,0.90
BuscaTabu,30,20,3,0.11,1002,100.00,-1.00
BuscaTabu,30,20,3,0.10,1002,100.00,0.01
BuscaTabu,30,20,3,0.10,1002,100.00,0.02
BuscaTabu,30,20,3,0.10,1002,100.00,0.03
BuscaTabu,30,20,3,0.11,1002,100.00,0.04
BuscaTabu,30,20,3,0.11,1002,100.00,0.05
BuscaTabu,30,20,3,0.11,1002,100.00,0.06
BuscaTabu,30,20,3,0.11,1002,100.00,0.07
BuscaTabu,30,20,3,0.11,1002,100.00,0.08
BuscaTabu,30,20,3,0.11,1002,100.00,0.09
TemperaSimulada,30,20,3,0.00,52,106.00,0.80
TemperaSimulada,30,20,3,0.00,71,106.00,0.85
TemperaSimulada,30,20,3,0.00,110,106.00,0.90
TemperaSimulada,30,20,3,0.00,225,106.00,0.95
TemperaSimulada,30,20,3,0.00,1000,106.00,0.99
BuscaMonotonaRandomizada,30,20,4,0.11,1195,95.00,0.10
BuscaMonotonaRandomizada,30,20,4,0.11,1324,95.00,0.20
BuscaMonotonaRandomizada,30,20,4,0.11,1527,95.00,0.30
BuscaMonotonaRandomizada,30,20,4,0.10,1647,95.00,0.40
BuscaMonotonaRandomizada,30,20,4,0.13,2121,95.00,0.50
BuscaMonotonaRandomizada,30,20,4,0.10,2519,95.00,0.60
BuscaMonotonaRandomizada,30,20,4,0.14,4962,95.00,0.70
BuscaMonotonaRandomizada,30,20,4,0.12,6150,101.00,0.80
BuscaMonotonaRandomizada,30,20,4,0.23,23590,105.00,0.90
BuscaLocalIterada,30,20,4,0.37,1008,95.00,0.10
BuscaLocalIterada,30,20,4,0.57,1001,95.00,0.20
BuscaLocalIterada,30,20,4,0.67,1004,95.00,0.30
BuscaLocalIterada,30,20,4,0.71,1002,95.00,0.40
BuscaLocalIterada,30,20,4,0.74,1004,95.00,0.50
BuscaLocalIterada,30,20,4,0.79,1002,95.00,0.60
BuscaLocalIterada,30,20,4,0.77,1004,95.00,0.70
BuscaLocalIterada,30,20,4,0.80,1002,95.00,0.80
BuscaLocalIterada,30,20,4,0.82,1005,95.00,0.90
BuscaTabu,30,20,4,0.11,1004,99.00,-1.00
BuscaTabu,30,20,4,0.10,1004,99.00,0.01
BuscaTabu,30,20,4,0.10,1004,99.00,0.02
BuscaTabu,30,20,4,0.10,1004,99.00,0.03
BuscaTabu,30,20,4,0.11,1004,99.00,0.04
BuscaTabu,30,20,4,0.11,1004,99.00,0.05
BuscaTabu,30,20,4,0.11,1004,99.00,0.06
BuscaTabu,30,20,4,0.11,1004,99.00,0.07
BuscaTabu,30,20,4,0.11,1004,99.00,0.08
BuscaTabu,30,20,4,0.11,1004,99.00,0.09
TemperaSimulada,30,20,4,0.00,52,114.00,0.80
TemperaSimulada,30,20,4,0.00,71,114.00,0.85
TemperaSimulada,30,20,4,0.00,110,114.00,0.90
TemperaSimulada,30,20,4,0.00,225,114.00,0.95
TemperaSimulada,30,20,4,0.00,1146,97.00,0.99
BuscaMonotonaRandomizada,30,20,5,0.16,1783,100.00,0.10
BuscaMonotonaRandomizada,30,20,5,0.14,1758,100.00,0.20
BuscaMonotonaRandomizada,30,20,5,0.10,1521,100.00,0.30
BuscaMonotonaRandomizada,30,20,5,0.11,1895,100.00,0.40
BuscaMonotonaRandomizada,30,20,5,0.17,3454,102.00,0.50
BuscaMonotonaRandomizada,30,20,5,0.10,2486,103.00,0.60
BuscaMonotonaRandomizada,30,20,5,0.14,4782,104.00,0.70
BuscaMonotonaRandomizada,30,20,5,0.11,5396,121.00,0.80
BuscaMonotonaRandomizada,30,20,5,0.15,14993,126.00,0.90
BuscaLocalIterada,30,20,5,0.46,1006,100.00,0.10
BuscaLocalIterada,30,20,5,0.73,1006,100.00,0.20
BuscaLocalIterada,30,20,5,0.81,1023,100.00,0.30
BuscaLocalIterada,30,20,5,0.88,1034,100.00,0.40
BuscaLocalIterada,30,20,5,0.99,1117,100.00,0.50
BuscaLocalIterada,30,20,5,1.02,1106,100.00,0.60
BuscaLocalIterada,30,20,5,0.94,1010,100.00,0.70
BuscaLocalIterada,30,20,5,1.04,1089,100.00,0.80
BuscaLocalIterada,30,20,5,1.17,1219,100.00,0.90
BuscaTabu,30,20,5,0.11,1003,112.00,-1.00
BuscaTabu,30,20,5,0.10,1003,112.00,0.01
BuscaTabu,30,20,5,0.10,1003,112.00,0.02
BuscaTabu,30,20,5,0.10,1003,112.00,0.03
BuscaTabu,30,20,5,0.11,1003,112.00,0.04
BuscaTabu,30,20,5,0.10,1003,112.00,0.05
BuscaTabu,30,20,5,0.11,1003,112.00,0.06
BuscaTabu,30,20,5,0.11,1003,112.00,0.07
BuscaTabu,30,20,5,0.11,1003,112.00,0.08
BuscaTabu,30,20,5,0.11,1003,112.00,0.09
TemperaSimulada,30,20,5,0.00,52,153.00,0.80
TemperaSimulada,30,20,5,0.00,71,153.00,0.85
TemperaSimulada,30,20,5,0.00,110,153.00,0.90
TemperaSimulada,30,20,5,0.00,225,153.00,0.95
TemperaSimulada,30,20,5,0.00,1146,122.00,0.99
BuscaMonotonaRandomizada,30,20,6,0.10,1099,98.00,0.10
BuscaMonotonaRandomizada,30,20,6,0.10,1265,98.00,0.20
BuscaMonotonaRandomizada,30,20,6,0.10,1430,98.00,0.30
BuscaMonotonaRandomizada,30,20,6,0.10,1652,98.00,0.40
BuscaMonotonaRandomizada,30,20,6,0.10,1966,98.00,0.50
BuscaMonotonaRandomizada,30,20,6,0.10,2522,98.00,0.60
BuscaMonotonaRandomizada,30,20,6,0.10,3465,98.00,0.70
BuscaMonotonaRandomizada,30,20,6,0.10,5040,98.00,0.80
BuscaMonotonaRandomizada,30,20,6,0.18,18072,101.00,0.90
BuscaLocalIterada,30,20,6,0.38,1000,98.00,0.10
BuscaLocalIterada,30,20,6,0.58,1000,98.00,0.20
BuscaLocalIterada,30,20,6,0.70,1000,98.00,0.30
BuscaLocalIterada,30,20,6,0.74,1000,98.00,0.40
BuscaLocalIterada,30,20,6,0.79,1000,98.00,0.50
BuscaLocalIterada,30,20,6,0.80,1000,98.00,0.60
BuscaLocalIterada,30,20,6,0.82,1000,98.00,0.70
BuscaLocalIterada,30,20,6,0.85,1000,98.00,0.80
BuscaLocalIterada,30,20,6,0.84,1000,98.00,0.90
BuscaTabu,30,20,6,0.11,1002,98.00,-1.00
BuscaTabu,30,20,6,0.10,1002,98.00,0.01
BuscaTabu,30,20,6,0.10,1002,98.00,0.02
BuscaTabu,30,20,6,0.10,1002,98.00,0.03
BuscaTabu,30,20,6,0.11,1002,98.00,0.04
BuscaTabu,30,20,6,0.11,1002,98.00,0.05
BuscaTabu,30,20,6,0.11,1002,98.00,0.06
BuscaTabu,30,20,6,0.11,1002,98.00,0.07
BuscaTabu,30,20,6,0.11,1002,98.00,0.08
BuscaTabu,30,20,6,0.11,1002,98.00,0.09
TemperaSimulada,30,20,6,0.00,52,121.00,0.80
TemperaSimulada,30,20,6,0.00,71,121.00,0.85
TemperaSimulada,30,20,6,0.00,110,121.00,0.90
TemperaSimulada,30,20,6,0.00,225,121.00,0.95
TemperaSimulada,30,20,6,0.00,1146,98.00,0.99
BuscaMonotonaRandomizada,30,20,7,0.13,1408,100.00,0.10
BuscaMonotonaRandomizada,30,20,7,0.10,1348,100.00,0.20
BuscaMonotonaRandomizada,30,20,7,0.10,1464,100.00,0.30
BuscaMonotonaRandomizada,30,20,7,0.11,1888,100.00,0.40
BuscaMonotonaRandomizada,30,20,7,0.12,2518,100.00,0.50
BuscaMonotonaRandomizada,30,20,7,0.13,3156,100.00,0.60
BuscaMonotonaRandomizada,30,20,7,0.16,5249,103.00,0.70
BuscaMonotonaRandomizada,30,20,7,0.16,8269,112.00,0.80
BuscaMonotonaRandomizada,30,20,7,0.11,11044,130.00,0.90
BuscaLocalIterada,30,20,7,0.41,1011,100.00,0.10
BuscaLocalIterada,30,20,7,0.63,1006,100.00,0.20
BuscaLocalIterada,30,20,7,0.75,1008,100.00,0.30
BuscaLocalIterada,30,20,7,0.82,1001,100.00,0.40
BuscaLocalIterada,30,20,7,0.86,1020,100.00,0.50
BuscaLocalIterada,30,20,7,0.88,1014,100.00,0.60
BuscaLocalIterada,30,20,7,0.93,1010,100.00,0.70
BuscaLocalIterada,30,20,7,0.97,1002,100.00,0.80
BuscaLocalIterada,30,20,7,0.94,1005,100.00,0.90
BuscaTabu,30,20,7,0.12,1001,112.00,-1.00
BuscaTabu,30,20,7,0.10,1001,112.00,0.01
BuscaTabu,30,20,7,0.10,1001,112.00,0.02
BuscaTabu,30,20,7,0.10,1001,112.00,0.03
BuscaTabu,30,20,7,0.11,1001,112.00,0.04
BuscaTabu,30,20,7,0.11,1001,112.00,0.05
BuscaTabu,30,20,7,0.11,1001,112.00,0.06
BuscaTabu,30,20,7,0.11,1001,112.00,0.07
BuscaTabu,30,20,7,0.11,1001,112.00,0.08
BuscaTabu,30,20,7,0.11,1001,112.00,0.09
TemperaSimulada,30,20,7,0.00,52,131.00,0.80
TemperaSimulada,30,20,7,0.00,71,131.00,0.85
TemperaSimulada,30,20,7,0.00,110,131.00,0.90
TemperaSimulada,30,20,7,0.00,225,131.00,0.95
TemperaSimulada,30,20,7,0.00,1146,119.00,0.99
BuscaMonotonaRandomizada,30,20,8,0.11,1196,100.00,0.10
BuscaMonotonaRandomizada,30,20,8,0.10,1296,100.00,0.20
BuscaMonotonaRandomizada,30,20,8,0.10,1463,100.00,0.30
BuscaMonotonaRandomizada,30,20,8,0.10,1663,100.00,0.40
BuscaMonotonaRandomizada,30,20,8,0.10,2124,100.00,0.50
BuscaMonotonaRandomizada,30,20,8,0.10,2523,100.00,0.60
BuscaMonotonaRandomizada,30,20,8,0.10,3324,100.00,0.70
BuscaMonotonaRandomizada,30,20,8,0.10,4886,100.00,0.80
BuscaMonotonaRandomizada,30,20,8,0.13,12987,100.00,0.90
BuscaLocalIterada,30,20,8,0.29,1002,100.00,0.10
BuscaLocalIterada,30,20,8,0.47,1001,100.00,0.20
BuscaLocalIterada,30,20,8,0.57,1001,100.00,0.30
BuscaLocalIterada,30,20,8,0.64,1001,100.00,0.40
BuscaLocalIterada,30,20,8,0.67,1007,100.00,0.50
BuscaLocalIterada,30,20,8,0.71,1003,100.00,0.60
BuscaLocalIterada,30,20,8,0.75,1001,100.00,0.70
BuscaLocalIterada,30,20,8,0.78,1001,100.00,0.80
BuscaLocalIterada,30,20,8,0.77,1001,100.00,0.90
BuscaTabu,30,20,8,0.11,1001,103.00,-1.00
BuscaTabu,30,20,8,0.10,1001,103.00,0.01
BuscaTabu,30,20,8,0.10,1001,103.00,0.02
BuscaTabu,30,20,8,0.10,1001,103.00,0.03
BuscaTabu,30,20,8,0.11,1001,103.00,0.04
BuscaTabu,30,20,8,0.11,1001,103.00,0.05
BuscaTabu,30,20,8,0.11,1001,103.00,0.06
BuscaTabu,30,20,8,0.11,1001,103.00,0.07
BuscaTabu,30,20,8,0.11,1001,103.00,0.08
BuscaTabu,30,20,8,0.11,1001,103.00,0.09
TemperaSimulada,30,20,8,0.00,52,117.00,0.80
TemperaSimulada,30,20,8,0.00,71,117.00,0.85
TemperaSimulada,30,20,8,0.00,110,112.00,0.90
TemperaSimulada,30,20,8,0.00,225,110.00,0.95
TemperaSimulada,30,20,8,0.00,1146,100.00,0.99
BuscaMonotonaRandomizada,30,20,9,0.10,1113,100.00,0.10
BuscaMonotonaRandomizada,30,20,9,0.10,1220,100.00,0.20
BuscaMonotonaRandomizada,30,20,9,0.10,1432,100.00,0.30
BuscaMonotonaRandomizada,30,20,9,0.10,1673,100.00,0.40
BuscaMonotonaRandomizada,30,20,9,0.10,2038,100.00,0.50
BuscaMonotonaRandomizada,30,20,9,0.15,3765,100.00,0.60
BuscaMonotonaRandomizada,30,20,9,0.13,4230,100.00,0.70
BuscaMonotonaRandomizada,30,20,9,0.15,8005,108.00,0.80
BuscaMonotonaRandomizada,30,20,9,0.16,17647,108.00,0.90
BuscaLocalIterada,30,20,9,0.38,1000,100.00,0.10
BuscaLocalIterada,30,20,9,0.57,1000,100.00,0.20
BuscaLocalIterada,30,20,9,0.70,1000,100.00,0.30
BuscaLocalIterada,30,20,9,0.74,1000,100.00,0.40
BuscaLocalIterada,30,20,9,0.79,1000,100.00,0.50
BuscaLocalIterada,30,20,9,0.81,1000,100.00,0.60
BuscaLocalIterada,30,20,9,0.83,1000,100.00,0.70
BuscaLocalIterada,30,20,9,0.87,1000,100.00,0.80
BuscaLocalIterada,30,20,9,0.87,1000,100.00,0.90
BuscaTabu,30,20,9,0.11,1003,100.00,-1.00
BuscaTabu,30,20,9,0.10,1003,100.00,0.01
BuscaTabu,30,20,9,0.11,1003,100.00,0.02
BuscaTabu,30,20,9,0.10,1003,100.00,0.03
BuscaTabu,30,20,9,0.11,1003,100.00,0.04
BuscaTabu,30,20,9,0.11,1003,100.00,0.05
BuscaTabu,30,20,9,0.11,1003,100.00,0.06
BuscaTabu,30,20,9,0.11,1003,100.00,0.07
BuscaTabu,30,20,9,0.11,1003,100.00,0.08
BuscaTabu,30,20,9,0.11,1003,100.00,0.09
TemperaSimulada,30,20,9,0.00,52,129.00,0.80
TemperaSimulada,30,20,9,0.00,71,129.00,0.85
TemperaSimulada,30,20,9,0.00,110,129.00,0.90
TemperaSimulada,30,20,9,0.00,225,129.00,0.95
TemperaSimulada,30,20,9,0.00,1146,103.00,0.99
BuscaMonotonaRandomizada,30,20,10,0.11,1111,100.00,0.10
BuscaMonotonaRandomizada,30,20,10,0.10,1225,100.00,0.20
BuscaMonotonaRandomizada,30,20,10,0.10,1449,100.00,0.30
BuscaMonotonaRandomizada,30,20,10,0.10,1712,100.00,0.40
BuscaMonotonaRandomizada,30,20,10,0.10,2004,100.00,0.50
BuscaMonotonaRandomizada,30,20,10,0.10,2437,100.00,0.60
BuscaMonotonaRandomizada,30,20,10,0.11,3718,100.00,0.70
BuscaMonotonaRandomizada,30,20,10,0.32,16189,100.00,0.80
BuscaMonotonaRandomizada,30,20,10,0.10,9729,121.00,0.90
BuscaLocalIterada,30,20,10,0.38,1000,100.00,0.10
BuscaLocalIterada,30,20,10,0.61,1000,100.00,0.20
BuscaLocalIterada,30,20,10,0.73,1000,100.00,0.30
BuscaLocalIterada,30,20,10,0.76,1000,100.00,0.40
BuscaLocalIterada,30,20,10,0.85,1000,100.00,0.50
BuscaLocalIterada,30,20,10,0.88,1000,100.00,0.60
BuscaLocalIterada,30,20,10,0.90,1000,100.00,0.70
BuscaLocalIterada,30,20,10,0.92,1000,100.00,0.80
BuscaLocalIterada,30,20,10,0.92,1000,100.00,0.90
BuscaTabu,30,20,10,0.12,1004,100.00,-1.00
BuscaTabu,30,20,10,0.10,1004,100.00,0.01
BuscaTabu,30,20,10,0.10,1004,100.00,0.02
BuscaTabu,30,20,10,0.10,1004,100.00,0.03
BuscaTabu,30,20,10,0.11,1004,100.00,0.04
BuscaTabu,30,20,10,0.10,1004,100.00,0.05
BuscaTabu,30,20,10,0.11,1004,100.00,0.06
BuscaTabu,30,20,10,0.11,1004,100.00,0.07
BuscaTabu,30,20,10,0.11,1004,100.00,0.08
BuscaTabu,30,20,10,0.11,1004,100.00,0.09
TemperaSimulada,30,20,10,0.00,52,128.00,0.80
TemperaSimulada,30,20,10,0.00,71,128.00,0.85
TemperaSimulada,30,20,10,0.00,110,128.00,0.90
TemperaSimulada,30,20,10,0.00,225,128.00,0.95
TemperaSimulada,30,20,10,0.00,1146,104.00,0.99
BuscaMonotonaRandomizada,40,20,1,0.23,1817,130.00,0.10
BuscaMonotonaRandomizada,40,20,1,0.27,2466,125.00,0.20
BuscaMonotonaRandomizada,40,20,1,0.29,2997,130.00,0.30
BuscaMonotonaRandomizada,40,20,1,0.22,2683,133.00,0.40
BuscaMonotonaRandomizada,40,20,1,0.17,2433,133.00,0.50
BuscaMonotonaRandomizada,40,20,1,0.15,2694,140.00,0.60
BuscaMonotonaRandomizada,40,20,1,0.39,9874,142.00,0.70
BuscaMonotonaRandomizada,40,20,1,0.36,14228,147.00,0.80
BuscaMonotonaRandomizada,40,20,1,0.13,10511,152.00,0.90
BuscaLocalIterada,40,20,1,0.71,1033,126.00,0.10
BuscaLocalIterada,40,20,1,1.03,1059,129.00,0.20
BuscaLocalIterada,40,20,1,2.41,2239,125.00,0.30
BuscaLocalIterada,40,20,1,2.23,1922,125.00,0.40
BuscaLocalIterada,40,20,1,2.57,2092,127.00,0.50
BuscaLocalIterada,40,20,1,1.23,1031,130.00,0.60
BuscaLocalIterada,40,20,1,2.84,2264,129.00,0.70
BuscaLocalIterada,40,20,1,2.57,1991,130.00,0.80
BuscaLocalIterada,40,20,1,1.52,1111,130.00,0.90
BuscaTabu,40,20,1,0.17,1000,152.00,-1.00
BuscaTabu,40,20,1,0.14,1000,152.00,0.01
BuscaTabu,40,20,1,0.17,1000,152.00,0.02
BuscaTabu,40,20,1,0.16,1000,152.00,0.03
BuscaTabu,40,20,1,0.16,1000,152.00,0.04
BuscaTabu,40,20,1,0.16,1000,152.00,0.05
BuscaTabu,40,20,1,0.16,1000,152.00,0.06
BuscaTabu,40,20,1,0.16,1000,152.00,0.07
BuscaTabu,40,20,1,0.17,1000,152.00,0.08
BuscaTabu,40,20,1,0.16,1000,152.00,0.09
TemperaSimulada,40,20,1,0.00,52,152.00,0.80
TemperaSimulada,40,20,1,0.00,71,152.00,0.85
TemperaSimulada,40,20,1,0.00,110,152.00,0.90
TemperaSimulada,40,20,1,0.00,225,152.00,0.95
TemperaSimulada,40,20,1,0.00,1000,152.00,0.99
BuscaMonotonaRandomizada,40,20,2,0.23,1843,126.00,0.10
BuscaMonotonaRandomizada,40,20,2,0.24,2138,128.00,0.20
BuscaMonotonaRandomizada,40,20,2,0.27,2681,130.00,0.30
BuscaMonotonaRandomizada,40,20,2,0.33,3735,128.00,0.40
BuscaMonotonaRandomizada,40,20,2,0.16,2057,136.00,0.50
BuscaMonotonaRandomizada,40,20,2,0.23,3783,134.00,0.60
BuscaMonotonaRandomizada,40,20,2,0.15,3703,141.00,0.70
BuscaMonotonaRandomizada,40,20,2,0.37,14312,143.00,0.80
BuscaMonotonaRandomizada,40,20,2,0.31,22716,151.00,0.90
BuscaLocalIterada,40,20,2,1.20,1540,122.00,0.10
BuscaLocalIterada,40,20,2,1.10,1051,127.00,0.20
BuscaLocalIterada,40,20,2,1.34,1164,127.00,0.30
BuscaLocalIterada,40,20,2,1.46,1244,126.00,0.40
BuscaLocalIterada,40,20,2,1.39,1095,125.00,0.50
BuscaLocalIterada,40,20,2,2.14,1681,125.00,0.60
BuscaLocalIterada,40,20,2,1.32,1032,128.00,0.70
BuscaLocalIterada,40,20,2,2.38,1798,129.00,0.80
BuscaLocalIterada,40,20,2,2.00,1501,126.00,0.90
BuscaTabu,40,20,2,0.16,1005,140.00,-1.00
BuscaTabu,40,20,2,0.14,1005,140.00,0.01
BuscaTabu,40,20,2,0.14,1005,140.00,0.02
BuscaTabu,40,20,2,0.15,1005,140.00,0.03
BuscaTabu,40,20,2,0.15,1005,140.00,0.04
BuscaTabu,40,20,2,0.15,1005,140.00,0.05
BuscaTabu,40,20,2,0.15,1005,140.00,0.06
BuscaTabu,40,20,2,0.15,1005,140.00,0.07
BuscaTabu,40,20,2,0.15,1005,140.00,0.08
BuscaTabu,40,20,2,0.16,1005,140.00,0.09
TemperaSimulada,40,20,2,0.00,52,165.00,0.80
TemperaSimulada,40,20,2,0.00,71,165.00,0.85
TemperaSimulada,40,20,2,0.00,110,165.00,0.90
TemperaSimulada,40,20,2,0.00,225,165.00,0.95
TemperaSimulada,40,20,2,0.00,1146,148.00,0.99
BuscaMonotonaRandomizada,40,20,3,0.25,1918,143.00,0.10
BuscaMonotonaRandomizada,40,20,3,0.37,3235,132.00,0.20
BuscaMonotonaRandomizada,40,20,3,0.20,1992,141.00,0.30
BuscaMonotonaRandomizada,40,20,3,0.33,4034,139.00,0.40
BuscaMonotonaRandomizada,40,20,3,0.31,4610,144.00,0.50
BuscaMonotonaRandomizada,40,20,3,0.16,2981,150.00,0.60
BuscaMonotonaRandomizada,40,20,3,0.27,6914,152.00,0.70
BuscaMonotonaRandomizada,40,20,3,0.18,6971,154.00,0.80
BuscaMonotonaRandomizada,40,20,3,0.25,19321,169.00,0.90
BuscaLocalIterada,40,20,3,2.00,2752,129.00,0.10
BuscaLocalIterada,40,20,3,2.72,2645,130.00,0.20
BuscaLocalIterada,40,20,3,2.32,2024,133.00,0.30
BuscaLocalIterada,40,20,3,1.53,1265,135.00,0.40
BuscaLocalIterada,40,20,3,2.10,1651,136.00,0.50
BuscaLocalIterada,40,20,3,1.61,1221,137.00,0.60
BuscaLocalIterada,40,20,3,3.11,2297,136.00,0.70
BuscaLocalIterada,40,20,3,1.57,1156,138.00,0.80
BuscaLocalIterada,40,20,3,2.38,1723,137.00,0.90
BuscaTabu,40,20,3,0.15,1001,166.00,-1.00
BuscaTabu,40,20,3,0.14,1001,166.00,0.01
BuscaTabu,40,20,3,0.14,1001,166.00,0.02
BuscaTabu,40,20,3,0.15,1001,166.00,0.03
BuscaTabu,40,20,3,0.14,1001,166.00,0.04
BuscaTabu,40,20,3,0.15,1001,166.00,0.05
BuscaTabu,40,20,3,0.15,1001,166.00,0.06
BuscaTabu,40,20,3,0.15,1001,166.00,0.07
BuscaTabu,40,20,3,0.15,1001,166.00,0.08
BuscaTabu,40,20,3,0.15,1001,166.00,0.09
TemperaSimulada,40,20,3,0.00,52,170.00,0.80
TemperaSimulada,40,20,3,0.00,71,170.00,0.85
TemperaSimulada,40,20,3,0.00,110,170.00,0.90
TemperaSimulada,40,20,3,0.00,225,170.00,0.95
TemperaSimulada,40,20,3,0.00,1000,170.00,0.99
BuscaMonotonaRandomizada,40,20,4,0.18,1392,95.00,0.10
BuscaMonotonaRandomizada,40,20,4,0.19,1712,95.00,0.20
BuscaMonotonaRandomizada,40,20,4,0.16,1735,95.00,0.30
BuscaMonotonaRandomizada,40,20,4,0.15,1712,95.00,0.40
BuscaMonotonaRandomizada,40,20,4,0.14,2043,95.00,0.50
BuscaMonotonaRandomizada,40,20,4,0.27,4926,95.00,0.60
BuscaMonotonaRandomizada,40,20,4,0.15,3492,97.00,0.70
BuscaMonotonaRandomizada,40,20,4,0.34,13060,105.00,0.80
BuscaMonotonaRandomizada,40,20,4,0.20,15841,115.00,0.90
BuscaLocalIterada,40,20,4,0.69,1015,95.00,0.10
BuscaLocalIterada,40,20,4,1.03,1090,95.00,0.20
BuscaLocalIterada,40,20,4,1.10,1026,95.00,0.30
BuscaLocalIterada,40,20,4,1.14,1037,95.00,0.40
BuscaLocalIterada,40,20,4,1.14,1027,95.00,0.50
BuscaLocalIterada,40,20,4,1.20,1032,95.00,0.60
BuscaLocalIterada,40,20,4,1.16,1027,95.00,0.70
BuscaLocalIterada,40,20,4,1.19,1017,95.00,0.80
BuscaLocalIterada,40,20,4,1.42,1164,95.00,0.90
BuscaTabu,40,20,4,0.17,1003,110.00,-1.00
BuscaTabu,40,20,4,0.14,1003,110.00,0.01
BuscaTabu,40,20,4,0.14,1003,110.00,0.02
BuscaTabu,40,20,4,0.15,1003,110.00,0.03
BuscaTabu,40,20,4,0.14,1003,110.00,0.04
BuscaTabu,40,20,4,0.15,1003,110.00,0.05
BuscaTabu,40,20,4,0.15,1003,110.00,0.06
BuscaTabu,40,20,4,0.15,1003,110.00,0.07
BuscaTabu,40,20,4,0.15,1003,110.00,0.08
BuscaTabu,40,20,4,0.15,1003,110.00,0.09
TemperaSimulada,40,20,4,0.00,52,124.00,0.80
TemperaSimulada,40,20,4,0.00,71,124.00,0.85
TemperaSimulada,40,20,4,0.00,110,124.00,0.90
TemperaSimulada,40,20,4,0.00,225,124.00,0.95
TemperaSimulada,40,20,4,0.00,1146,115.00,0.99
BuscaMonotonaRandomizada,40,20,5,0.32,2567,109.00,0.10
BuscaMonotonaRandomizada,40,20,5,0.44,3977,106.00,0.20
BuscaMonotonaRandomizada,40,20,5,0.27,2816,108.00,0.30
BuscaMonotonaRandomizada,40,20,5,0.20,2405,108.00,0.40
BuscaMonotonaRandomizada,40,20,5,0.19,2771,111.00,0.50
BuscaMonotonaRandomizada,40,20,5,0.24,4566,111.00,0.60
BuscaMonotonaRandomizada,40,20,5,0.14,3517,113.00,0.70
BuscaMonotonaRandomizada,40,20,5,0.25,9604,126.00,0.80
BuscaMonotonaRandomizada,40,20,5,0.31,23850,134.00,0.90
BuscaLocalIterada,40,20,5,0.84,1188,107.00,0.10
BuscaLocalIterada,40,20,5,1.47,1435,105.00,0.20
BuscaLocalIterada,40,20,5,1.39,1219,106.00,0.30
BuscaLocalIterada,40,20,5,1.40,1148,106.00,0.40
BuscaLocalIterada,40,20,5,1.77,1426,107.00,0.50
BuscaLocalIterada,40,20,5,1.82,1509,107.00,0.60
BuscaLocalIterada,40,20,5,1.85,1474,108.00,0.70
BuscaLocalIterada,40,20,5,2.57,1980,107.00,0.80
BuscaLocalIterada,40,20,5,1.49,1111,109.00,0.90
BuscaTabu,40,20,5,0.16,1007,122.00,-1.00
BuscaTabu,40,20,5,0.14,1007,122.00,0.01
BuscaTabu,40,20,5,0.15,1007,122.00,0.02
BuscaTabu,40,20,5,0.14,1007,122.00,0.03
BuscaTabu,40,20,5,0.15,1007,122.00,0.04
BuscaTabu,40,20,5,0.15,1007,122.00,0.05
BuscaTabu,40,20,5,0.15,1007,122.00,0.06
BuscaTabu,40,20,5,0.15,1007,122.00,0.07
BuscaTabu,40,20,5,0.15,1007,122.00,0.08
BuscaTabu,40,20,5,0.16,1007,122.00,0.09
TemperaSimulada,40,20,5,0.00,52,159.00,0.80
TemperaSimulada,40,20,5,0.00,71,159.00,0.85
TemperaSimulada,40,20,5,0.00,110,159.00,0.90
TemperaSimulada,40,20,5,0.00,225,159.00,0.95
TemperaSimulada,40,20,5,0.00,1146,128.00,0.99
BuscaMonotonaRandomizada,40,20,6,0.26,2008,120.00,0.10
BuscaMonotonaRandomizada,40,20,6,0.20,1845,118.00,0.20
BuscaMonotonaRandomizada,40,20,6,0.20,2051,122.00,0.30
BuscaMonotonaRandomizada,40,20,6,0.25,3041,121.00,0.40
BuscaMonotonaRandomizada,40,20,6,0.20,2884,127.00,0.50
BuscaMonotonaRandomizada,40,20,6,0.19,3516,131.00,0.60
BuscaMonotonaRandomizada,40,20,6,0.31,8166,140.00,0.70
BuscaMonotonaRandomizada,40,20,6,0.14,5043,146.00,0.80
BuscaMonotonaRandomizada,40,20,6,0.13,9864,151.00,0.90
BuscaLocalIterada,40,20,6,1.01,1294,118.00,0.10
BuscaLocalIterada,40,20,6,1.17,1117,118.00,0.20
BuscaLocalIterada,40,20,6,2.32,2022,118.00,0.30
BuscaLocalIterada,40,20,6,1.67,1353,119.00,0.40
BuscaLocalIterada,40,20,6,1.65,1356,120.00,0.50
BuscaLocalIterada,40,20,6,1.82,1452,121.00,0.60
BuscaLocalIterada,40,20,6,3.01,2243,118.00,0.70
BuscaLocalIterada,40,20,6,2.66,2010,122.00,0.80
BuscaLocalIterada,40,20,6,2.37,1766,120.00,0.90
BuscaTabu,40,20,6,0.16,1000,151.00,-1.00
BuscaTabu,40,20,6,0.14,1000,151.00,0.01
BuscaTabu,40,20,6,0.14,1000,151.00,0.02
BuscaTabu,40,20,6,0.15,1000,151.00,0.03
BuscaTabu,40,20,6,0.15,1000,151.00,0.04
BuscaTabu,40,20,6,0.16,1000,151.00,0.05
BuscaTabu,40,20,6,0.15,1000,151.00,0.06
BuscaTabu,40,20,6,0.16,1000,151.00,0.07
BuscaTabu,40,20,6,0.16,1000,151.00,0.08
BuscaTabu,40,20,6,0.16,1000,151.00,0.09
TemperaSimulada,40,20,6,0.00,52,151.00,0.80
TemperaSimulada,40,20,6,0.00,71,151.00,0.85
TemperaSimulada,40,20,6,0.00,110,151.00,0.90
TemperaSimulada,40,20,6,0.00,225,151.00,0.95
TemperaSimulada,40,20,6,0.00,1146,138.00,0.99
BuscaMonotonaRandomizada,40,20,7,0.20,1554,115.00,0.10
BuscaMonotonaRandomizada,40,20,7,0.43,3859,119.00,0.20
BuscaMonotonaRandomizada,40,20,7,0.29,2975,114.00,0.30
BuscaMonotonaRandomizada,40,20,7,0.27,3114,122.00,0.40
BuscaMonotonaRandomizada,40,20,7,0.18,2493,116.00,0.50
BuscaMonotonaRandomizada,40,20,7,0.30,5521,122.00,0.60
BuscaMonotonaRandomizada,40,20,7,0.23,5426,130.00,0.70
BuscaMonotonaRandomizada,40,20,7,0.25,9731,138.00,0.80
BuscaMonotonaRandomizada,40,20,7,0.13,10439,149.00,0.90
BuscaLocalIterada,40,20,7,0.84,1094,115.00,0.10
BuscaLocalIterada,40,20,7,1.08,1109,113.00,0.20
BuscaLocalIterada,40,20,7,2.05,1870,111.00,0.30
BuscaLocalIterada,40,20,7,1.49,1295,113.00,0.40
BuscaLocalIterada,40,20,7,1.52,1270,116.00,0.50
BuscaLocalIterada,40,20,7,3.65,2802,113.00,0.60
BuscaLocalIterada,40,20,7,1.73,1352,116.00,0.70
BuscaLocalIterada,40,20,7,2.48,1899,116.00,0.80
BuscaLocalIterada,40,20,7,2.87,2041,116.00,0.90
BuscaTabu,40,20,7,0.17,1006,127.00,-1.00
BuscaTabu,40,20,7,0.15,1006,127.00,0.01
BuscaTabu,40,20,7,0.15,1006,127.00,0.02
BuscaTabu,40,20,7,0.17,1006,127.00,0.03
BuscaTabu,40,20,7,0.16,1006,127.00,0.04
BuscaTabu,40,20,7,0.17,1006,127.00,0.05
BuscaTabu,40,20,7,0.18,1006,127.00,0.06
BuscaTabu,40,20,7,0.16,1006,127.00,0.07
BuscaTabu,40,20,7,0.16,1006,127.00,0.08
BuscaTabu,40,20,7,0.20,1006,127.00,0.09
TemperaSimulada,40,20,7,0.00,52,149.00,0.80
TemperaSimulada,40,20,7,0.00,71,149.00,0.85
TemperaSimulada,40,20,7,0.00,110,149.00,0.90
TemperaSimulada,40,20,7,0.00,225,149.00,0.95
TemperaSimulada,40,20,7,0.00,1146,134.00,0.99
BuscaMonotonaRandomizada,40,20,8,0.15,1117,100.00,0.10
BuscaMonotonaRandomizada,40,20,8,0.15,1282,100.00,0.20
BuscaMonotonaRandomizada,40,20,8,0.18,1577,100.00,0.30
BuscaMonotonaRandomizada,40,20,8,0.26,2040,100.00,0.40
BuscaMonotonaRandomizada,40,20,8,0.23,2358,100.00,0.50
BuscaMonotonaRandomizada,40,20,8,0.30,4869,100.00,0.60
BuscaMonotonaRandomizada,40,20,8,0.46,9666,100.00,0.70
BuscaMonotonaRandomizada,40,20,8,0.20,6385,112.00,0.80
BuscaMonotonaRandomizada,40,20,8,0.15,10010,122.00,0.90
BuscaLocalIterada,40,20,8,0.73,1000,100.00,0.10
BuscaLocalIterada,40,20,8,1.07,1000,100.00,0.20
BuscaLocalIterada,40,20,8,1.08,1000,100.00,0.30
BuscaLocalIterada,40,20,8,1.20,1000,100.00,0.40
BuscaLocalIterada,40,20,8,1.20,1000,100.00,0.50
BuscaLocalIterada,40,20,8,1.27,1000,100.00,0.60
BuscaLocalIterada,40,20,8,1.26,1000,100.00,0.70
BuscaLocalIterada,40,20,8,1.31,1000,100.00,0.80
BuscaLocalIterada,40,20,8,1.29,1000,100.00,0.90
BuscaTabu,40,20,8,0.17,1009,100.00,-1.00
BuscaTabu,40,20,8,0.14,1009,100.00,0.01
BuscaTabu,40,20,8,0.14,1009,100.00,0.02
BuscaTabu,40,20,8,0.15,1009,100.00,0.03
BuscaTabu,40,20,8,0.18,1009,100.00,0.04
BuscaTabu,40,20,8,0.15,1009,100.00,0.05
BuscaTabu,40,20,8,0.15,1009,100.00,0.06
BuscaTabu,40,20,8,0.17,1009,100.00,0.07
BuscaTabu,40,20,8,0.16,1009,100.00,0.08
BuscaTabu,40,20,8,0.16,1009,100.00,0.09
TemperaSimulada,40,20,8,0.00,52,135.00,0.80
TemperaSimulada,40,20,8,0.00,71,135.00,0.85
TemperaSimulada,40,20,8,0.00,110,135.00,0.90
TemperaSimulada,40,20,8,0.00,225,135.00,0.95
TemperaSimulada,40,20,8,0.00,1146,114.00,0.99
BuscaMonotonaRandomizada,40,20,9,0.39,2854,104.00,0.10
BuscaMonotonaRandomizada,40,20,9,0.15,1327,105.00,0.20
BuscaMonotonaRandomizada,40,20,9,0.14,1498,107.00,0.30
BuscaMonotonaRandomizada,40,20,9,0.48,4942,107.00,0.40
BuscaMonotonaRandomizada,40,20,9,0.26,2462,110.00,0.50
BuscaMonotonaRandomizada,40,20,9,0.22,4225,115.00,0.60
BuscaMonotonaRandomizada,40,20,9,0.18,4317,121.00,0.70
BuscaMonotonaRandomizada,40,20,9,0.19,6952,130.00,0.80
BuscaMonotonaRandomizada,40,20,9,0.17,13271,138.00,0.90
BuscaLocalIterada,40,20,9,0.80,1140,103.00,0.10
BuscaLocalIterada,40,20,9,1.02,1030,105.00,0.20
BuscaLocalIterada,40,20,9,2.21,1851,105.00,0.30
BuscaLocalIterada,40,20,9,1.83,1528,103.00,0.40
BuscaLocalIterada,40,20,9,2.01,1649,105.00,0.50
BuscaLocalIterada,40,20,9,2.73,2204,105.00,0.60
BuscaLocalIterada,40,20,9,2.37,1870,105.00,0.70
BuscaLocalIterada,40,20,9,1.38,1063,106.00,0.80
BuscaLocalIterada,40,20,9,3.17,2404,107.00,0.90
BuscaTabu,40,20,9,0.15,1008,122.00,-1.00
BuscaTabu,40,20,9,0.14,1008,122.00,0.01
BuscaTabu,40,20,9,0.14,1008,122.00,0.02
BuscaTabu,40,20,9,0.15,1008,122.00,0.03
BuscaTabu,40,20,9,0.15,1008,122.00,0.04
BuscaTabu,40,20,9,0.16,1008,122.00,0.05
BuscaTabu,40,20,9,0.15,1008,122.00,0.06
BuscaTabu,40,20,9,0.15,1008,122.00,0.07
BuscaTabu,40,20,9,0.16,1008,122.00,0.08
BuscaTabu,40,20,9,0.16,1008,122.00,0.09
TemperaSimulada,40,20,9,0.00,52,145.00,0.80
TemperaSimulada,40,20,9,0.00,71,145.00,0.85
TemperaSimulada,40,20,9,0.00,110,145.00,0.90
TemperaSimulada,40,20,9,0.00,225,145.00,0.95
TemperaSimulada,40,20,9,0.00,1146,142.00,0.99
BuscaMonotonaRandomizada,40,20,10,0.43,3538,114.00,0.10
BuscaMonotonaRandomizada,40,20,10,0.25,2155,114.00,0.20
BuscaMonotonaRandomizada,40,20,10,0.32,3020,119.00,0.30
BuscaMonotonaRandomizada,40,20,10,0.24,2768,116.00,0.40
BuscaMonotonaRandomizada,40,20,10,0.22,3083,115.00,0.50
BuscaMonotonaRandomizada,40,20,10,0.22,3197,122.00,0.60
BuscaMonotonaRandomizada,40,20,10,0.20,5267,128.00,0.70
BuscaMonotonaRandomizada,40,20,10,0.15,5782,136.00,0.80
BuscaMonotonaRandomizada,40,20,10,0.13,9736,140.00,0.90
BuscaLocalIterada,40,20,10,0.88,1232,111.00,0.10
BuscaLocalIterada,40,20,10,1.14,1100,111.00,0.20
BuscaLocalIterada,40,20,10,2.46,2248,113.00,0.30
BuscaLocalIterada,40,20,10,2.01,1698,114.00,0.40
BuscaLocalIterada,40,20,10,2.30,1875,115.00,0.50
BuscaLocalIterada,40,20,10,2.37,1868,113.00,0.60
BuscaLocalIterada,40,20,10,2.30,1684,114.00,0.70
BuscaLocalIterada,40,20,10,2.41,1770,116.00,0.80
BuscaLocalIterada,40,20,10,1.86,1439,116.00,0.90
BuscaTabu,40,20,10,0.15,1002,138.00,-1.00
BuscaTabu,40,20,10,0.14,1002,138.00,0.01
BuscaTabu,40,20,10,0.13,1002,138.00,0.02
BuscaTabu,40,20,10,0.15,1002,138.00,0.03
BuscaTabu,40,20,10,0.14,1002,138.00,0.04
BuscaTabu,40,20,10,0.15,1002,138.00,0.05
BuscaTabu,40,20,10,0.15,1002,138.00,0.06
BuscaTabu,40,20,10,0.15,1002,138.00,0.07
BuscaTabu,40,20,10,0.23,1002,138.00,0.08
BuscaTabu,40,20,10,0.15,1002,138.00,0.09
TemperaSimulada,40,20,10,0.00,52,162.00,0.80
TemperaSimulada,40,20,10,0.00,71,162.00,0.85
TemperaSimulada,40,20,10,0.00,110,162.00,0.90
TemperaSimulada,40,20,10,0.00,225,162.00,0.95
TemperaSimulada,40,20,10,0.00,1146,130.00,0.99
BuscaMonotonaRandomizada,75,50,1,1.77,1118,98.00,0.10
BuscaMonotonaRandomizada,75,50,1,2.08,1261,98.00,0.20
BuscaMonotonaRandomizada,75,50,1,1.72,1417,98.00,0.30
BuscaMonotonaRandomizada,75,50,1,1.85,1674,98.00,0.40
BuscaMonotonaRandomizada,75,50,1,1.67,2012,98.00,0.50
BuscaMonotonaRandomizada,75,50,1,1.56,2456,98.00,0.60
BuscaMonotonaRandomizada,75,50,1,1.45,3357,104.00,0.70
BuscaMonotonaRandomizada,75,50,1,1.54,4998,129.00,0.80
BuscaMonotonaRandomizada,75,50,1,1.58,10511,129.00,0.90
BuscaLocalIterada,75,50,1,10.49,1000,98.00,0.10
BuscaLocalIterada,75,50,1,11.31,1000,98.00,0.20
BuscaLocalIterada,75,50,1,12.49,1000,98.00,0.30
BuscaLocalIterada,75,50,1,12.84,1000,98.00,0.40
BuscaLocalIterada,75,50,1,13.84,1000,98.00,0.50
BuscaLocalIterada,75,50,1,13.64,1000,98.00,0.60
BuscaLocalIterada,75,50,1,13.51,1000,98.00,0.70
BuscaLocalIterada,75,50,1,16.33,1000,98.00,0.80
BuscaLocalIterada,75,50,1,16.67,1000,98.00,0.90
BuscaTabu,75,50,1,1.76,1003,98.00,-1.00
BuscaTabu,75,50,1,1.45,1003,98.00,0.01
BuscaTabu,75,50,1,2.09,1003,98.00,0.02
BuscaTabu,75,50,1,2.48,1003,98.00,0.03
BuscaTabu,75,50,1,2.03,1003,98.00,0.04
BuscaTabu,75,50,1,2.03,1003,98.00,0.05
BuscaTabu,75,50,1,1.76,1003,98.00,0.06
BuscaTabu,75,50,1,2.21,1003,98.00,0.07
BuscaTabu,75,50,1,2.26,1003,98.00,0.08
BuscaTabu,75,50,1,2.44,1003,98.00,0.09
TemperaSimulada,75,50,1,0.00,52,129.00,0.80
TemperaSimulada,75,50,1,0.00,71,129.00,0.85
TemperaSimulada,75,50,1,0.00,110,129.00,0.90
TemperaSimulada,75,50,1,0.00,225,129.00,0.95
TemperaSimulada,75,50,1,0.00,1000,129.00,0.99
BuscaMonotonaRandomizada,75,50,2,2.29,1239,100.00,0.10
BuscaMonotonaRandomizada,75,50,2,2.27,1418,100.00,0.20
BuscaMonotonaRandomizada,75,50,2,3.36,2800,103.00,0.30
BuscaMonotonaRandomizada,75,50,2,1.64,1719,115.00,0.40
BuscaMonotonaRandomizada,75,50,2,1.44,2034,119.00,0.50
BuscaMonotonaRandomizada,75,50,2,1.53,2501,119.00,0.60
BuscaMonotonaRandomizada,75,50,2,1.74,3197,119.00,0.70
BuscaMonotonaRandomizada,75,50,2,1.83,4883,127.00,0.80
BuscaMonotonaRandomizada,75,50,2,1.44,10247,127.00,0.90
BuscaLocalIterada,75,50,2,10.16,1001,100.00,0.10
BuscaLocalIterada,75,50,2,11.01,1054,100.00,0.20
BuscaLocalIterada,75,50,2,13.13,1224,100.00,0.30
BuscaLocalIterada,75,50,2,15.51,1232,100.00,0.40
BuscaLocalIterada,75,50,2,29.03,2435,104.00,0.50
BuscaLocalIterada,75,50,2,24.94,2064,101.00,0.60
BuscaLocalIterada,75,50,2,11.99,1000,107.00,0.70
BuscaLocalIterada,75,50,2,12.66,1000,107.00,0.80
BuscaLocalIterada,75,50,2,17.54,1418,103.00,0.90
BuscaTabu,75,50,2,1.51,1003,107.00,-1.00
BuscaTabu,75,50,2,1.32,1003,107.00,0.01
BuscaTabu,75,50,2,1.39,1003,107.00,0.02
BuscaTabu,75,50,2,1.39,1003,107.00,0.03
BuscaTabu,75,50,2,1.45,1003,107.00,0.04
BuscaTabu,75,50,2,1.40,1003,107.00,0.05
BuscaTabu,75,50,2,1.55,1003,107.00,0.06
BuscaTabu,75,50,2,1.44,1003,107.00,0.07
BuscaTabu,75,50,2,1.44,1013,105.00,0.08
BuscaTabu,75,50,2,1.43,1013,105.00,0.09
TemperaSimulada,75,50,2,0.00,52,127.00,0.80
TemperaSimulada,75,50,2,0.00,71,127.00,0.85
TemperaSimulada,75,50,2,0.00,110,127.00,0.90
TemperaSimulada,75,50,2,0.00,225,127.00,0.95
TemperaSimulada,75,50,2,0.00,1000,127.00,0.99
BuscaMonotonaRandomizada,75,50,3,2.35,1865,100.00,0.10
BuscaMonotonaRandomizada,75,50,3,1.36,1255,113.00,0.20
BuscaMonotonaRandomizada,75,50,3,2.41,2607,100.00,0.30
BuscaMonotonaRandomizada,75,50,3,2.27,2818,100.00,0.40
BuscaMonotonaRandomizada,75,50,3,3.18,4642,108.00,0.50
BuscaMonotonaRandomizada,75,50,3,2.17,3818,114.00,0.60
BuscaMonotonaRandomizada,75,50,3,3.08,7528,116.00,0.70
BuscaMonotonaRandomizada,75,50,3,1.35,4923,130.00,0.80
BuscaMonotonaRandomizada,75,50,3,1.34,9933,130.00,0.90
BuscaLocalIterada,75,50,3,11.92,1029,100.00,0.10
BuscaLocalIterada,75,50,3,12.48,1147,100.00,0.20
BuscaLocalIterada,75,50,3,17.79,1330,100.00,0.30
BuscaLocalIterada,75,50,3,18.74,1444,100.00,0.40
BuscaLocalIterada,75,50,3,34.12,2432,100.00,0.50
BuscaLocalIterada,75,50,3,16.48,1238,100.00,0.60
BuscaLocalIterada,75,50,3,15.89,1152,106.00,0.70
BuscaLocalIterada,75,50,3,14.19,1138,100.00,0.80
BuscaLocalIterada,75,50,3,39.02,3215,100.00,0.90
BuscaTabu,75,50,3,1.60,1002,113.00,-1.00
BuscaTabu,75,50,3,1.57,1002,113.00,0.01
BuscaTabu,75,50,3,1.55,1002,113.00,0.02
BuscaTabu,75,50,3,2.08,1002,113.00,0.03
BuscaTabu,75,50,3,2.35,1002,113.00,0.04
BuscaTabu,75,50,3,2.43,1002,113.00,0.05
BuscaTabu,75,50,3,1.58,1002,113.00,0.06
BuscaTabu,75,50,3,1.54,1002,113.00,0.07
BuscaTabu,75,50,3,1.50,1002,113.00,0.08
BuscaTabu,75,50,3,1.40,1002,113.00,0.09
TemperaSimulada,75,50,3,0.00,52,130.00,0.80
TemperaSimulada,75,50,3,0.00,71,130.00,0.85
TemperaSimulada,75,50,3,0.00,110,130.00,0.90
TemperaSimulada,75,50,3,0.00,225,130.00,0.95
TemperaSimulada,75,50,3,0.00,1000,130.00,0.99
BuscaMonotonaRandomizada,75,50,4,2.04,1724,97.00,0.10
BuscaMonotonaRandomizada,75,50,4,1.67,1582,107.00,0.20
BuscaMonotonaRandomizada,75,50,4,1.38,1438,99.00,0.30
BuscaMonotonaRandomizada,75,50,4,1.30,1627,99.00,0.40
BuscaMonotonaRandomizada,75,50,4,1.36,2094,117.00,0.50
BuscaMonotonaRandomizada,75,50,4,1.30,2526,121.00,0.60
BuscaMonotonaRandomizada,75,50,4,1.27,3340,122.00,0.70
BuscaMonotonaRandomizada,75,50,4,1.23,5164,122.00,0.80
BuscaMonotonaRandomizada,75,50,4,1.26,10305,132.00,0.90
BuscaLocalIterada,75,50,4,8.75,1021,99.00,0.10
BuscaLocalIterada,75,50,4,12.49,1089,97.00,0.20
BuscaLocalIterada,75,50,4,19.31,1839,97.00,0.30
BuscaLocalIterada,75,50,4,15.22,1466,100.00,0.40
BuscaLocalIterada,75,50,4,17.13,1560,99.00,0.50
BuscaLocalIterada,75,50,4,10.95,1000,113.00,0.60
BuscaLocalIterada,75,50,4,14.57,1181,97.00,0.70
BuscaLocalIterada,75,50,4,13.46,1013,100.00,0.80
BuscaLocalIterada,75,50,4,13.10,1000,113.00,0.90
BuscaTabu,75,50,4,1.49,1005,113.00,-1.00
BuscaTabu,75,50,4,1.32,1005,113.00,0.01
BuscaTabu,75,50,4,1.35,1005,113.00,0.02
BuscaTabu,75,50,4,1.34,1005,113.00,0.03
BuscaTabu,75,50,4,1.45,1005,113.00,0.04
BuscaTabu,75,50,4,1.75,1005,113.00,0.05
BuscaTabu,75,50,4,1.43,1005,113.00,0.06
BuscaTabu,75,50,4,1.56,1005,113.00,0.07
BuscaTabu,75,50,4,1.53,1005,113.00,0.08
BuscaTabu,75,50,4,1.48,1005,113.00,0.09
TemperaSimulada,75,50,4,0.00,52,132.00,0.80
TemperaSimulada,75,50,4,0.00,71,132.00,0.85
TemperaSimulada,75,50,4,0.00,110,132.00,0.90
TemperaSimulada,75,50,4,0.00,225,132.00,0.95
TemperaSimulada,75,50,4,0.00,1000,132.00,0.99
BuscaMonotonaRandomizada,75,50,5,1.40,1123,98.00,0.10
BuscaMonotonaRandomizada,75,50,5,1.43,1244,98.00,0.20
BuscaMonotonaRandomizada,75,50,5,2.40,2473,99.00,0.30
BuscaMonotonaRandomizada,75,50,5,1.47,1758,107.00,0.40
BuscaMonotonaRandomizada,75,50,5,1.35,1972,108.00,0.50
BuscaMonotonaRandomizada,75,50,5,1.33,2457,114.00,0.60
BuscaMonotonaRandomizada,75,50,5,1.29,3318,119.00,0.70
BuscaMonotonaRandomizada,75,50,5,1.36,4928,119.00,0.80
BuscaMonotonaRandomizada,75,50,5,1.39,9884,119.00,0.90
BuscaLocalIterada,75,50,5,9.12,1000,98.00,0.10
BuscaLocalIterada,75,50,5,9.99,1000,98.00,0.20
BuscaLocalIterada,75,50,5,10.70,1000,98.00,0.30
BuscaLocalIterada,75,50,5,10.96,1000,98.00,0.40
BuscaLocalIterada,75,50,5,11.25,1000,98.00,0.50
BuscaLocalIterada,75,50,5,11.78,1000,98.00,0.60
BuscaLocalIterada,75,50,5,11.21,1000,98.00,0.70
BuscaLocalIterada,75,50,5,12.37,1000,98.00,0.80
BuscaLocalIterada,75,50,5,12.50,1000,98.00,0.90
BuscaTabu,75,50,5,1.46,1005,98.00,-1.00
BuscaTabu,75,50,5,1.29,1005,98.00,0.01
BuscaTabu,75,50,5,1.30,1005,98.00,0.02
BuscaTabu,75,50,5,1.33,1005,98.00,0.03
BuscaTabu,75,50,5,1.35,1005,98.00,0.04
BuscaTabu,75,50,5,1.34,1005,98.00,0.05
BuscaTabu,75,50,5,1.35,1005,98.00,0.06
BuscaTabu,75,50,5,1.40,1005,98.00,0.07
BuscaTabu,75,50,5,1.61,1005,98.00,0.08
BuscaTabu,75,50,5,1.52,1005,98.00,0.09
TemperaSimulada,75,50,5,0.00,52,119.00,0.80
TemperaSimulada,75,50,5,0.00,71,119.00,0.85
TemperaSimulada,75,50,5,0.00,110,119.00,0.90
TemperaSimulada,75,50,5,0.00,225,119.00,0.95
TemperaSimulada,75,50,5,0.00,1000,119.00,0.99
BuscaMonotonaRandomizada,75,50,6,2.10,1167,100.00,0.10
BuscaMonotonaRandomizada,75,50,6,2.13,1608,100.00,0.20
BuscaMonotonaRandomizada,75,50,6,1.72,1502,100.00,0.30
BuscaMonotonaRandomizada,75,50,6,2.67,2998,100.00,0.40
BuscaMonotonaRandomizada,75,50,6,1.88,2379,103.00,0.50
BuscaMonotonaRandomizada,75,50,6,2.02,3031,112.00,0.60
BuscaMonotonaRandomizada,75,50,6,1.80,3454,118.00,0.70
BuscaMonotonaRandomizada,75,50,6,1.73,5036,118.00,0.80
BuscaMonotonaRandomizada,75,50,6,1.68,9864,127.00,0.90
BuscaLocalIterada,75,50,6,10.11,1027,100.00,0.10
BuscaLocalIterada,75,50,6,13.03,1032,100.00,0.20
BuscaLocalIterada,75,50,6,11.87,1045,100.00,0.30
BuscaLocalIterada,75,50,6,11.70,1019,100.00,0.40
BuscaLocalIterada,75,50,6,15.95,1285,100.00,0.50
BuscaLocalIterada,75,50,6,31.53,2613,100.00,0.60
BuscaLocalIterada,75,50,6,48.36,3974,100.00,0.70
BuscaLocalIterada,75,50,6,30.20,2549,104.00,0.80
BuscaLocalIterada,75,50,6,21.10,1611,101.00,0.90
BuscaTabu,75,50,6,1.41,1001,118.00,-1.00
BuscaTabu,75,50,6,1.32,1001,118.00,0.01
BuscaTabu,75,50,6,1.42,1001,118.00,0.02
BuscaTabu,75,50,6,2.16,1001,118.00,0.03
BuscaTabu,75,50,6,2.32,1001,118.00,0.04
BuscaTabu,75,50,6,2.39,1001,118.00,0.05
BuscaTabu,75,50,6,1.65,1001,118.00,0.06
BuscaTabu,75,50,6,1.55,1001,118.00,0.07
BuscaTabu,75,50,6,1.49,1001,118.00,0.08
BuscaTabu,75,50,6,1.74,1001,118.00,0.09
TemperaSimulada,75,50,6,0.00,52,127.00,0.80
TemperaSimulada,75,50,6,0.00,71,127.00,0.85
TemperaSimulada,75,50,6,0.00,110,127.00,0.90
TemperaSimulada,75,50,6,0.00,225,127.00,0.95
TemperaSimulada,75,50,6,0.00,1000,127.00,0.99
BuscaMonotonaRandomizada,75,50,7,1.35,1113,100.00,0.10
BuscaMonotonaRandomizada,75,50,7,1.28,1271,100.00,0.20
BuscaMonotonaRandomizada,75,50,7,1.26,1409,100.00,0.30
BuscaMonotonaRandomizada,75,50,7,1.28,1686,100.00,0.40
BuscaMonotonaRandomizada,75,50,7,2.49,3970,100.00,0.50
BuscaMonotonaRandomizada,75,50,7,1.75,3209,111.00,0.60
BuscaMonotonaRandomizada,75,50,7,1.31,3313,113.00,0.70
BuscaMonotonaRandomizada,75,50,7,1.78,7046,125.00,0.80
BuscaMonotonaRandomizada,75,50,7,2.20,16308,125.00,0.90
BuscaLocalIterada,75,50,7,7.97,1000,100.00,0.10
BuscaLocalIterada,75,50,7,9.81,1000,100.00,0.20
BuscaLocalIterada,75,50,7,10.07,1000,100.00,0.30
BuscaLocalIterada,75,50,7,10.85,1000,100.00,0.40
BuscaLocalIterada,75,50,7,11.31,1000,100.00,0.50
BuscaLocalIterada,75,50,7,10.92,1000,100.00,0.60
BuscaLocalIterada,75,50,7,11.39,1000,100.00,0.70
BuscaLocalIterada,75,50,7,11.56,1000,100.00,0.80
BuscaLocalIterada,75,50,7,10.98,1000,100.00,0.90
BuscaTabu,75,50,7,1.34,1006,100.00,-1.00
BuscaTabu,75,50,7,1.25,1006,100.00,0.01
BuscaTabu,75,50,7,1.30,1006,100.00,0.02
BuscaTabu,75,50,7,1.33,1006,100.00,0.03
BuscaTabu,75,50,7,1.36,1006,100.00,0.04
BuscaTabu,75,50,7,1.32,1006,100.00,0.05
BuscaTabu,75,50,7,1.32,1006,100.00,0.06
BuscaTabu,75,50,7,1.34,1006,100.00,0.07
BuscaTabu,75,50,7,1.38,1006,100.00,0.08
BuscaTabu,75,50,7,1.35,1006,100.00,0.09
TemperaSimulada,75,50,7,0.00,52,130.00,0.80
TemperaSimulada,75,50,7,0.00,71,130.00,0.85
TemperaSimulada,75,50,7,0.00,110,130.00,0.90
TemperaSimulada,75,50,7,0.00,225,130.00,0.95
TemperaSimulada,75,50,7,0.00,1000,130.00,0.99
BuscaMonotonaRandomizada,75,50,8,1.88,1637,113.00,0.10
BuscaMonotonaRandomizada,75,50,8,1.44,1474,112.00,0.20
BuscaMonotonaRandomizada,75,50,8,3.54,4160,108.00,0.30
BuscaMonotonaRandomizada,75,50,8,2.39,3269,106.00,0.40
BuscaMonotonaRandomizada,75,50,8,1.26,2009,120.00,0.50
BuscaMonotonaRandomizada,75,50,8,1.23,2535,118.00,0.60
BuscaMonotonaRandomizada,75,50,8,1.28,3309,123.00,0.70
BuscaMonotonaRandomizada,75,50,8,1.22,4882,123.00,0.80
BuscaMonotonaRandomizada,75,50,8,1.21,10010,123.00,0.90
BuscaLocalIterada,75,50,8,9.39,1065,97.00,0.10
BuscaLocalIterada,75,50,8,15.69,1349,97.00,0.20
BuscaLocalIterada,75,50,8,21.26,1378,103.00,0.30
BuscaLocalIterada,75,50,8,46.20,3934,101.00,0.40
BuscaLocalIterada,75,50,8,12.33,1073,108.00,0.50
BuscaLocalIterada,75,50,8,14.21,1335,111.00,0.60
BuscaLocalIterada,75,50,8,11.44,1000,115.00,0.70
BuscaLocalIterada,75,50,8,11.74,1000,115.00,0.80
BuscaLocalIterada,75,50,8,19.76,1714,112.00,0.90
BuscaTabu,75,50,8,1.36,1005,115.00,-1.00
BuscaTabu,75,50,8,1.25,1005,115.00,0.01
BuscaTabu,75,50,8,1.31,1005,115.00,0.02
BuscaTabu,75,50,8,1.35,1005,115.00,0.03
BuscaTabu,75,50,8,1.34,1005,115.00,0.04
BuscaTabu,75,50,8,1.35,1005,115.00,0.05
BuscaTabu,75,50,8,1.35,1005,115.00,0.06
BuscaTabu,75,50,8,1.37,1005,115.00,0.07
BuscaTabu,75,50,8,1.38,1005,115.00,0.08
BuscaTabu,75,50,8,1.38,1005,115.00,0.09
TemperaSimulada,75,50,8,0.00,52,132.00,0.80
TemperaSimulada,75,50,8,0.00,71,132.00,0.85
TemperaSimulada,75,50,8,0.00,110,132.00,0.90
TemperaSimulada,75,50,8,0.00,225,132.00,0.95
TemperaSimulada,75,50,8,0.00,1000,132.00,0.99
BuscaMonotonaRandomizada,75,50,9,1.29,1113,97.00,0.10
BuscaMonotonaRandomizada,75,50,9,1.25,1220,97.00,0.20
BuscaMonotonaRandomizada,75,50,9,1.26,1432,97.00,0.30
BuscaMonotonaRandomizada,75,50,9,1.26,1673,97.00,0.40
BuscaMonotonaRandomizada,75,50,9,1.28,2038,97.00,0.50
BuscaMonotonaRandomizada,75,50,9,1.35,2555,100.00,0.60
BuscaMonotonaRandomizada,75,50,9,1.27,3294,100.00,0.70
BuscaMonotonaRandomizada,75,50,9,1.24,4955,100.00,0.80
BuscaMonotonaRandomizada,75,50,9,1.25,10369,100.00,0.90
BuscaLocalIterada,75,50,9,8.50,1000,97.00,0.10
BuscaLocalIterada,75,50,9,10.20,1000,97.00,0.20
BuscaLocalIterada,75,50,9,469.60,1000,97.00,0.30
BuscaLocalIterada,75,50,9,12.57,1000,97.00,0.40
BuscaLocalIterada,75,50,9,12.50,1000,97.00,0.50
BuscaLocalIterada,75,50,9,11.16,1000,97.00,0.60
BuscaLocalIterada,75,50,9,11.27,1000,97.00,0.70
BuscaLocalIterada,75,50,9,11.50,1000,97.00,0.80
BuscaLocalIterada,75,50,9,12.05,1000,97.00,0.90
BuscaTabu,75,50,9,1.39,1003,97.00,-1.00
BuscaTabu,75,50,9,1.28,1003,97.00,0.01
BuscaTabu,75,50,9,1.33,1003,97.00,0.02
BuscaTabu,75,50,9,1.33,1003,97.00,0.03
BuscaTabu,75,50,9,1.36,1003,97.00,0.04
BuscaTabu,75,50,9,1.35,1003,97.00,0.05
BuscaTabu,75,50,9,1.37,1003,97.00,0.06
BuscaTabu,75,50,9,1.37,1003,97.00,0.07
BuscaTabu,75,50,9,1.37,1003,97.00,0.08
BuscaTabu,75,50,9,1.38,1003,97.00,0.09
TemperaSimulada,75,50,9,0.01,52,106.00,0.80
TemperaSimulada,75,50,9,0.00,71,106.00,0.85
TemperaSimulada,75,50,9,0.00,110,106.00,0.90
TemperaSimulada,75,50,9,0.00,225,106.00,0.95
TemperaSimulada,75,50,9,0.00,1000,106.00,0.99
BuscaMonotonaRandomizada,75,50,10,1.32,1117,99.00,0.10
BuscaMonotonaRandomizada,75,50,10,1.28,1233,99.00,0.20
BuscaMonotonaRandomizada,75,50,10,1.29,1458,99.00,0.30
BuscaMonotonaRandomizada,75,50,10,1.28,1723,99.00,0.40
BuscaMonotonaRandomizada,75,50,10,1.28,2019,99.00,0.50
BuscaMonotonaRandomizada,75,50,10,1.38,2454,103.00,0.60
BuscaMonotonaRandomizada,75,50,10,1.38,3309,113.00,0.70
BuscaMonotonaRandomizada,75,50,10,1.34,4909,127.00,0.80
BuscaMonotonaRandomizada,75,50,10,1.31,9729,127.00,0.90
BuscaLocalIterada,75,50,10,8.77,1000,99.00,0.10
BuscaLocalIterada,75,50,10,9.55,1000,99.00,0.20
BuscaLocalIterada,75,50,10,11.03,1000,99.00,0.30
BuscaLocalIterada,75,50,10,10.23,1000,99.00,0.40
BuscaLocalIterada,75,50,10,10.65,1000,99.00,0.50
BuscaLocalIterada,75,50,10,10.57,1000,99.00,0.60
BuscaLocalIterada,75,50,10,11.64,1000,99.00,0.70
BuscaLocalIterada,75,50,10,11.45,1000,99.00,0.80
BuscaLocalIterada,75,50,10,12.87,1000,99.00,0.90
BuscaTabu,75,50,10,1.62,1010,99.00,-1.00
BuscaTabu,75,50,10,1.27,1010,99.00,0.01
BuscaTabu,75,50,10,1.32,1010,99.00,0.02
BuscaTabu,75,50,10,1.33,1010,99.00,0.03
BuscaTabu,75,50,10,1.34,1010,99.00,0.04
BuscaTabu,75,50,10,1.34,1010,99.00,0.05
BuscaTabu,75,50,10,1.40,1010,99.00,0.06
BuscaTabu,75,50,10,1.35,1010,99.00,0.07
BuscaTabu,75,50,10,1.38,1010,99.00,0.08
BuscaTabu,75,50,10,1.36,1010,99.00,0.09
TemperaSimulada,75,50,10,0.00,52,132.00,0.80
TemperaSimulada,75,50,10,0.00,71,132.00,0.85
TemperaSimulada,75,50,10,0.00,110,132.00,0.90
TemperaSimulada,75,50,10,0.00,225,132.00,0.95
TemperaSimulada,75,50,10,0.00,1000,132.00,0.99
BuscaMonotonaRandomizada,100,50,1,8.97,5413,124.00,0.10
BuscaMonotonaRandomizada,100,50,1,2.73,1735,134.00,0.20
BuscaMonotonaRandomizada,100,50,1,2.34,1716,132.00,0.30
BuscaMonotonaRandomizada,100,50,1,2.07,1702,143.00,0.40
BuscaMonotonaRandomizada,100,50,1,2.02,2005,157.00,0.50
BuscaMonotonaRandomizada,100,50,1,2.40,2450,157.00,0.60
BuscaMonotonaRandomizada,100,50,1,2.62,3357,157.00,0.70
BuscaMonotonaRandomizada,100,50,1,1.97,4998,166.00,0.80
BuscaMonotonaRandomizada,100,50,1,1.96,10511,166.00,0.90
BuscaLocalIterada,100,50,1,27.06,1676,119.00,0.10
BuscaLocalIterada,100,50,1,44.36,2314,123.00,0.20
BuscaLocalIterada,100,50,1,56.35,3361,129.00,0.30
BuscaLocalIterada,100,50,1,19.85,1107,134.00,0.40
BuscaLocalIterada,100,50,1,32.06,1727,138.00,0.50
BuscaLocalIterada,100,50,1,41.89,1894,143.00,0.60
BuscaLocalIterada,100,50,1,26.63,1316,148.00,0.70
BuscaLocalIterada,100,50,1,23.25,1022,146.00,0.80
BuscaLocalIterada,100,50,1,27.11,1307,150.00,0.90
BuscaTabu,100,50,1,2.34,1002,157.00,-1.00
BuscaTabu,100,50,1,2.46,1002,157.00,0.01
BuscaTabu,100,50,1,2.26,1002,157.00,0.02
BuscaTabu,100,50,1,2.23,1002,157.00,0.03
BuscaTabu,100,50,1,2.10,1002,157.00,0.04
BuscaTabu,100,50,1,2.09,1002,157.00,0.05
BuscaTabu,100,50,1,2.08,1002,157.00,0.06
BuscaTabu,100,50,1,2.23,1002,157.00,0.07
BuscaTabu,100,50,1,2.40,1002,157.00,0.08
BuscaTabu,100,50,1,2.34,1002,157.00,0.09
TemperaSimulada,100,50,1,0.00,52,160.00,0.80
TemperaSimulada,100,50,1,0.00,71,160.00,0.85
TemperaSimulada,100,50,1,0.00,110,160.00,0.90
TemperaSimulada,100,50,1,0.00,225,160.00,0.95
TemperaSimulada,100,50,1,0.00,1001,160.00,0.99
BuscaMonotonaRandomizada,100,50,2,4.04,2001,140.00,0.10
BuscaMonotonaRandomizada,100,50,2,2.86,1842,133.00,0.20
BuscaMonotonaRandomizada,100,50,2,1.88,1439,145.00,0.30
BuscaMonotonaRandomizada,100,50,2,2.06,1757,135.00,0.40
BuscaMonotonaRandomizada,100,50,2,2.62,2326,151.00,0.50
BuscaMonotonaRandomizada,100,50,2,2.01,2540,153.00,0.60
BuscaMonotonaRandomizada,100,50,2,1.99,3292,159.00,0.70
BuscaMonotonaRandomizada,100,50,2,1.98,4892,165.00,0.80
BuscaMonotonaRandomizada,100,50,2,2.00,10253,165.00,0.90
BuscaLocalIterada,100,50,2,29.39,1697,127.00,0.10
BuscaLocalIterada,100,50,2,48.31,2469,130.00,0.20
BuscaLocalIterada,100,50,2,35.59,2078,138.00,0.30
BuscaLocalIterada,100,50,2,19.10,1066,146.00,0.40
BuscaLocalIterada,100,50,2,35.60,1934,144.00,0.50
BuscaLocalIterada,100,50,2,38.46,1998,152.00,0.60
BuscaLocalIterada,100,50,2,36.05,1795,150.00,0.70
BuscaLocalIterada,100,50,2,50.92,2350,147.00,0.80
BuscaLocalIterada,100,50,2,62.26,2888,144.00,0.90
BuscaTabu,100,50,2,2.31,1001,165.00,-1.00
BuscaTabu,100,50,2,2.13,1001,165.00,0.01
BuscaTabu,100,50,2,2.27,1001,165.00,0.02
BuscaTabu,100,50,2,2.25,1001,165.00,0.03
BuscaTabu,100,50,2,2.28,1001,165.00,0.04
BuscaTabu,100,50,2,2.95,1001,165.00,0.05
BuscaTabu,100,50,2,2.45,1001,165.00,0.06
BuscaTabu,100,50,2,2.57,1001,165.00,0.07
BuscaTabu,100,50,2,2.85,1001,165.00,0.08
BuscaTabu,100,50,2,2.46,1001,165.00,0.09
TemperaSimulada,100,50,2,0.00,52,168.00,0.80
TemperaSimulada,100,50,2,0.00,71,168.00,0.85
TemperaSimulada,100,50,2,0.00,110,168.00,0.90
TemperaSimulada,100,50,2,0.00,225,168.00,0.95
TemperaSimulada,100,50,2,0.00,1000,168.00,0.99
BuscaMonotonaRandomizada,100,50,3,3.57,1673,140.00,0.10
BuscaMonotonaRandomizada,100,50,3,6.94,3811,128.00,0.20
BuscaMonotonaRandomizada,100,50,3,5.63,3327,129.00,0.30
BuscaMonotonaRandomizada,100,50,3,2.52,1903,133.00,0.40
BuscaMonotonaRandomizada,100,50,3,2.45,2075,141.00,0.50
BuscaMonotonaRandomizada,100,50,3,3.20,2723,153.00,0.60
BuscaMonotonaRandomizada,100,50,3,2.44,3391,158.00,0.70
BuscaMonotonaRandomizada,100,50,3,2.00,4923,158.00,0.80
BuscaMonotonaRandomizada,100,50,3,2.07,9933,158.00,0.90
BuscaLocalIterada,100,50,3,36.50,2462,118.00,0.10
BuscaLocalIterada,100,50,3,51.63,3156,123.00,0.20
BuscaLocalIterada,100,50,3,22.54,1176,137.00,0.30
BuscaLocalIterada,100,50,3,29.74,1664,137.00,0.40
BuscaLocalIterada,100,50,3,45.53,2403,139.00,0.50
BuscaLocalIterada,100,50,3,48.81,2303,138.00,0.60
BuscaLocalIterada,100,50,3,22.03,1000,143.00,0.70
BuscaLocalIterada,100,50,3,22.80,1000,143.00,0.80
BuscaLocalIterada,100,50,3,34.61,1589,141.00,0.90
BuscaTabu,100,50,3,2.20,1016,141.00,-1.00
BuscaTabu,100,50,3,2.46,1006,143.00,0.01
BuscaTabu,100,50,3,2.16,1006,143.00,0.02
BuscaTabu,100,50,3,2.03,1006,143.00,0.03
BuscaTabu,100,50,3,2.11,1006,143.00,0.04
BuscaTabu,100,50,3,2.10,1006,143.00,0.05
BuscaTabu,100,50,3,2.10,1016,141.00,0.06
BuscaTabu,100,50,3,2.14,1016,141.00,0.07
BuscaTabu,100,50,3,2.19,1016,141.00,0.08
BuscaTabu,100,50,3,2.13,1016,141.00,0.09
TemperaSimulada,100,50,3,0.00,52,158.00,0.80
TemperaSimulada,100,50,3,0.00,71,158.00,0.85
TemperaSimulada,100,50,3,0.00,110,158.00,0.90
TemperaSimulada,100,50,3,0.00,225,158.00,0.95
TemperaSimulada,100,50,3,0.00,1000,158.00,0.99
BuscaMonotonaRandomizada,100,50,4,4.11,2310,113.00,0.10
BuscaMonotonaRandomizada,100,50,4,2.69,1795,115.00,0.20
BuscaMonotonaRandomizada,100,50,4,1.88,1439,118.00,0.30
BuscaMonotonaRandomizada,100,50,4,2.01,1629,118.00,0.40
BuscaMonotonaRandomizada,100,50,4,2.16,1972,119.00,0.50
BuscaMonotonaRandomizada,100,50,4,2.25,2464,134.00,0.60
BuscaMonotonaRandomizada,100,50,4,2.25,3340,134.00,0.70
BuscaMonotonaRandomizada,100,50,4,2.08,5164,134.00,0.80
BuscaMonotonaRandomizada,100,50,4,2.02,10305,142.00,0.90
BuscaLocalIterada,100,50,4,58.09,3771,102.00,0.10
BuscaLocalIterada,100,50,4,27.40,1690,110.00,0.20
BuscaLocalIterada,100,50,4,37.53,2347,121.00,0.30
BuscaLocalIterada,100,50,4,41.31,1951,120.00,0.40
BuscaLocalIterada,100,50,4,19.80,1000,129.00,0.50
BuscaLocalIterada,100,50,4,17.47,1000,129.00,0.60
BuscaLocalIterada,100,50,4,18.16,1000,129.00,0.70
BuscaLocalIterada,100,50,4,18.18,1000,129.00,0.80
BuscaLocalIterada,100,50,4,18.97,1000,129.00,0.90
BuscaTabu,100,50,4,2.29,1003,129.00,-1.00
BuscaTabu,100,50,4,2.41,1003,129.00,0.01
BuscaTabu,100,50,4,2.48,1003,129.00,0.02
BuscaTabu,100,50,4,2.45,1003,129.00,0.03
BuscaTabu,100,50,4,2.53,1003,129.00,0.04
BuscaTabu,100,50,4,2.53,1003,129.00,0.05
BuscaTabu,100,50,4,2.39,1003,129.00,0.06
BuscaTabu,100,50,4,2.47,1003,129.00,0.07
BuscaTabu,100,50,4,2.54,1003,129.00,0.08
BuscaTabu,100,50,4,2.36,1003,129.00,0.09
TemperaSimulada,100,50,4,0.00,52,142.00,0.80
TemperaSimulada,100,50,4,0.00,71,142.00,0.85
TemperaSimulada,100,50,4,0.00,110,142.00,0.90
TemperaSimulada,100,50,4,0.00,225,142.00,0.95
TemperaSimulada,100,50,4,0.00,1000,142.00,0.99
BuscaMonotonaRandomizada,100,50,5,3.42,1736,141.00,0.10
BuscaMonotonaRandomizada,100,50,5,2.07,1245,144.00,0.20
BuscaMonotonaRandomizada,100,50,5,3.76,2586,144.00,0.30
BuscaMonotonaRandomizada,100,50,5,2.37,1796,139.00,0.40
BuscaMonotonaRandomizada,100,50,5,2.50,1975,144.00,0.50
BuscaMonotonaRandomizada,100,50,5,2.21,2429,151.00,0.60
BuscaMonotonaRandomizada,100,50,5,2.10,3330,152.00,0.70
BuscaMonotonaRandomizada,100,50,5,2.01,4947,152.00,0.80
BuscaMonotonaRandomizada,100,50,5,2.15,9884,163.00,0.90
BuscaLocalIterada,100,50,5,29.49,1896,123.00,0.10
BuscaLocalIterada,100,50,5,31.54,1794,135.00,0.20
BuscaLocalIterada,100,50,5,30.06,1567,138.00,0.30
BuscaLocalIterada,100,50,5,30.14,1610,138.00,0.40
BuscaLocalIterada,100,50,5,18.56,1000,144.00,0.50
BuscaLocalIterada,100,50,5,21.07,1000,144.00,0.60
BuscaLocalIterada,100,50,5,21.65,1000,144.00,0.70
BuscaLocalIterada,100,50,5,20.03,1000,144.00,0.80
BuscaLocalIterada,100,50,5,19.59,1000,144.00,0.90
BuscaTabu,100,50,5,2.21,1006,144.00,-1.00
BuscaTabu,100,50,5,2.12,1006,144.00,0.01
BuscaTabu,100,50,5,2.20,1006,144.00,0.02
BuscaTabu,100,50,5,2.14,1006,144.00,0.03
BuscaTabu,100,50,5,2.17,1006,144.00,0.04
BuscaTabu,100,50,5,2.11,1006,144.00,0.05
BuscaTabu,100,50,5,2.14,1006,144.00,0.06
BuscaTabu,100,50,5,2.30,1006,144.00,0.07
BuscaTabu,100,50,5,2.23,1006,144.00,0.08
BuscaTabu,100,50,5,2.17,1006,144.00,0.09
TemperaSimulada,100,50,5,0.00,52,163.00,0.80
TemperaSimulada,100,50,5,0.00,71,163.00,0.85
TemperaSimulada,100,50,5,0.00,110,163.00,0.90
TemperaSimulada,100,50,5,0.00,225,163.00,0.95
TemperaSimulada,100,50,5,0.00,1000,163.00,0.99
BuscaMonotonaRandomizada,100,50,6,2.18,1100,148.00,0.10
BuscaMonotonaRandomizada,100,50,6,2.15,1323,141.00,0.20
BuscaMonotonaRandomizada,100,50,6,6.90,4018,134.00,0.30
BuscaMonotonaRandomizada,100,50,6,5.76,4005,137.00,0.40
BuscaMonotonaRandomizada,100,50,6,3.79,3315,137.00,0.50
BuscaMonotonaRandomizada,100,50,6,3.55,3704,147.00,0.60
BuscaMonotonaRandomizada,100,50,6,2.45,3467,148.00,0.70
BuscaMonotonaRandomizada,100,50,6,2.44,5043,148.00,0.80
BuscaMonotonaRandomizada,100,50,6,2.42,9864,164.00,0.90
BuscaLocalIterada,100,50,6,32.87,1755,116.00,0.10
BuscaLocalIterada,100,50,6,55.53,2999,126.00,0.20
BuscaLocalIterada,100,50,6,38.90,2333,133.00,0.30
BuscaLocalIterada,100,50,6,19.63,1043,135.00,0.40
BuscaLocalIterada,100,50,6,51.21,2571,135.00,0.50
BuscaLocalIterada,100,50,6,75.58,4091,130.00,0.60
BuscaLocalIterada,100,50,6,23.77,1141,141.00,0.70
BuscaLocalIterada,100,50,6,44.05,2239,141.00,0.80
BuscaLocalIterada,100,50,6,22.98,1104,141.00,0.90
BuscaTabu,100,50,6,2.38,1003,148.00,-1.00
BuscaTabu,100,50,6,2.48,1003,148.00,0.01
BuscaTabu,100,50,6,2.42,1003,148.00,0.02
BuscaTabu,100,50,6,2.36,1003,148.00,0.03
BuscaTabu,100,50,6,2.23,1003,148.00,0.04
BuscaTabu,100,50,6,2.29,1003,148.00,0.05
BuscaTabu,100,50,6,2.33,1003,148.00,0.06
BuscaTabu,100,50,6,2.49,1003,148.00,0.07
BuscaTabu,100,50,6,2.44,1003,148.00,0.08
BuscaTabu,100,50,6,2.32,1003,148.00,0.09
TemperaSimulada,100,50,6,0.00,52,164.00,0.80
TemperaSimulada,100,50,6,0.00,71,164.00,0.85
TemperaSimulada,100,50,6,0.00,110,164.00,0.90
TemperaSimulada,100,50,6,0.00,225,164.00,0.95
TemperaSimulada,100,50,6,0.00,1000,164.00,0.99
BuscaMonotonaRandomizada,100,50,7,2.60,1306,114.00,0.10
BuscaMonotonaRandomizada,100,50,7,2.25,1401,112.00,0.20
BuscaMonotonaRandomizada,100,50,7,2.07,1441,119.00,0.30
BuscaMonotonaRandomizada,100,50,7,2.10,1676,121.00,0.40
BuscaMonotonaRandomizada,100,50,7,2.22,2124,125.00,0.50
BuscaMonotonaRandomizada,100,50,7,2.18,2591,139.00,0.60
BuscaMonotonaRandomizada,100,50,7,3.97,6675,138.00,0.70
BuscaMonotonaRandomizada,100,50,7,1.94,4981,146.00,0.80
BuscaMonotonaRandomizada,100,50,7,2.01,10439,146.00,0.90
BuscaLocalIterada,100,50,7,22.76,1592,106.00,0.10
BuscaLocalIterada,100,50,7,16.94,1024,115.00,0.20
BuscaLocalIterada,100,50,7,28.76,1608,119.00,0.30
BuscaLocalIterada,100,50,7,16.72,1000,121.00,0.40
BuscaLocalIterada,100,50,7,18.29,1000,121.00,0.50
BuscaLocalIterada,100,50,7,19.73,1000,121.00,0.60
BuscaLocalIterada,100,50,7,18.55,1000,121.00,0.70
BuscaLocalIterada,100,50,7,21.50,1000,121.00,0.80
BuscaLocalIterada,100,50,7,19.09,1000,121.00,0.90
BuscaTabu,100,50,7,2.47,1005,121.00,-1.00
BuscaTabu,100,50,7,2.33,1005,121.00,0.01
BuscaTabu,100,50,7,2.59,1005,121.00,0.02
BuscaTabu,100,50,7,2.66,1005,121.00,0.03
BuscaTabu,100,50,7,2.35,1005,121.00,0.04
BuscaTabu,100,50,7,2.28,1005,121.00,0.05
BuscaTabu,100,50,7,2.37,1005,121.00,0.06
BuscaTabu,100,50,7,2.47,1005,121.00,0.07
BuscaTabu,100,50,7,2.33,1005,121.00,0.08
BuscaTabu,100,50,7,2.52,1005,121.00,0.09
TemperaSimulada,100,50,7,0.00,52,146.00,0.80
TemperaSimulada,100,50,7,0.00,71,146.00,0.85
TemperaSimulada,100,50,7,0.00,110,146.00,0.90
TemperaSimulada,100,50,7,0.00,225,146.00,0.95
TemperaSimulada,100,50,7,0.00,1000,146.00,0.99
BuscaMonotonaRandomizada,100,50,8,3.99,2108,136.00,0.10
BuscaMonotonaRandomizada,100,50,8,3.90,1967,132.00,0.20
BuscaMonotonaRandomizada,100,50,8,2.33,1660,136.00,0.30
BuscaMonotonaRandomizada,100,50,8,2.07,1806,136.00,0.40
BuscaMonotonaRandomizada,100,50,8,4.40,4593,146.00,0.50
BuscaMonotonaRandomizada,100,50,8,2.00,2652,149.00,0.60
BuscaMonotonaRandomizada,100,50,8,2.03,3324,162.00,0.70
BuscaMonotonaRandomizada,100,50,8,2.07,4916,160.00,0.80
BuscaMonotonaRandomizada,100,50,8,1.97,10006,171.00,0.90
BuscaLocalIterada,100,50,8,23.63,1677,121.00,0.10
BuscaLocalIterada,100,50,8,47.94,3034,128.00,0.20
BuscaLocalIterada,100,50,8,37.24,2051,136.00,0.30
BuscaLocalIterada,100,50,8,21.84,1101,148.00,0.40
BuscaLocalIterada,100,50,8,23.70,1089,146.00,0.50
BuscaLocalIterada,100,50,8,32.81,1694,145.00,0.60
BuscaLocalIterada,100,50,8,40.22,1970,151.00,0.70
BuscaLocalIterada,100,50,8,26.54,1220,147.00,0.80
BuscaLocalIterada,100,50,8,26.57,1226,150.00,0.90
BuscaTabu,100,50,8,2.54,1000,171.00,-1.00
BuscaTabu,100,50,8,2.15,1000,171.00,0.01
BuscaTabu,100,50,8,2.16,1000,171.00,0.02
BuscaTabu,100,50,8,2.19,1000,171.00,0.03
BuscaTabu,100,50,8,2.16,1000,171.00,0.04
BuscaTabu,100,50,8,2.16,1000,171.00,0.05
BuscaTabu,100,50,8,2.16,1000,171.00,0.06
BuscaTabu,100,50,8,2.45,1000,171.00,0.07
BuscaTabu,100,50,8,2.66,1000,171.00,0.08
BuscaTabu,100,50,8,2.36,1000,171.00,0.09
TemperaSimulada,100,50,8,0.00,52,171.00,0.80
TemperaSimulada,100,50,8,0.00,71,171.00,0.85
TemperaSimulada,100,50,8,0.00,110,171.00,0.90
TemperaSimulada,100,50,8,0.00,225,171.00,0.95
TemperaSimulada,100,50,8,0.00,1000,171.00,0.99
BuscaMonotonaRandomizada,100,50,9,5.11,2555,127.00,0.10
BuscaMonotonaRandomizada,100,50,9,4.25,2541,129.00,0.20
BuscaMonotonaRandomizada,100,50,9,2.95,2026,137.00,0.30
BuscaMonotonaRandomizada,100,50,9,3.57,2878,139.00,0.40
BuscaMonotonaRandomizada,100,50,9,6.05,5602,138.00,0.50
BuscaMonotonaRandomizada,100,50,9,2.49,2851,154.00,0.60
BuscaMonotonaRandomizada,100,50,9,4.99,6444,150.00,0.70
BuscaMonotonaRandomizada,100,50,9,4.24,8967,160.00,0.80
BuscaMonotonaRandomizada,100,50,9,2.21,10364,161.00,0.90
BuscaLocalIterada,100,50,9,24.64,1581,119.00,0.10
BuscaLocalIterada,100,50,9,34.66,2323,125.00,0.20
BuscaLocalIterada,100,50,9,33.46,2033,131.00,0.30
BuscaLocalIterada,100,50,9,42.96,2602,133.00,0.40
BuscaLocalIterada,100,50,9,19.17,1140,138.00,0.50
BuscaLocalIterada,100,50,9,61.46,3401,136.00,0.60
BuscaLocalIterada,100,50,9,19.22,1145,137.00,0.70
BuscaLocalIterada,100,50,9,26.80,1515,141.00,0.80
BuscaLocalIterada,100,50,9,27.66,1533,149.00,0.90
BuscaTabu,100,50,9,2.09,1000,161.00,-1.00
BuscaTabu,100,50,9,1.85,1000,161.00,0.01
BuscaTabu,100,50,9,1.90,1000,161.00,0.02
BuscaTabu,100,50,9,1.93,1000,161.00,0.03
BuscaTabu,100,50,9,1.92,1000,161.00,0.04
BuscaTabu,100,50,9,1.97,1000,161.00,0.05
BuscaTabu,100,50,9,1.95,1000,161.00,0.06
BuscaTabu,100,50,9,1.97,1000,161.00,0.07
BuscaTabu,100,50,9,1.99,1000,161.00,0.08
BuscaTabu,100,50,9,2.00,1000,161.00,0.09
TemperaSimulada,100,50,9,0.00,52,161.00,0.80
TemperaSimulada,100,50,9,0.00,71,161.00,0.85
TemperaSimulada,100,50,9,0.00,110,161.00,0.90
TemperaSimulada,100,50,9,0.00,225,161.00,0.95
TemperaSimulada,100,50,9,0.00,1000,161.00,0.99
BuscaMonotonaRandomizada,100,50,10,5.83,3506,132.00,0.10
BuscaMonotonaRandomizada,100,50,10,3.48,2376,132.00,0.20
BuscaMonotonaRandomizada,100,50,10,2.02,1591,137.00,0.30
BuscaMonotonaRandomizada,100,50,10,1.93,1810,138.00,0.40
BuscaMonotonaRandomizada,100,50,10,1.82,2018,144.00,0.50
BuscaMonotonaRandomizada,100,50,10,1.82,2437,148.00,0.60
BuscaMonotonaRandomizada,100,50,10,1.82,3312,148.00,0.70
BuscaMonotonaRandomizada,100,50,10,1.81,4909,160.00,0.80
BuscaMonotonaRandomizada,100,50,10,1.86,9729,160.00,0.90
BuscaLocalIterada,100,50,10,46.29,3368,124.00,0.10
BuscaLocalIterada,100,50,10,19.05,1230,132.00,0.20
BuscaLocalIterada,100,50,10,18.32,1148,132.00,0.30
BuscaLocalIterada,100,50,10,39.27,2327,141.00,0.40
BuscaLocalIterada,100,50,10,38.58,2179,142.00,0.50
BuscaLocalIterada,100,50,10,21.35,1212,147.00,0.60
BuscaLocalIterada,100,50,10,40.12,2233,143.00,0.70
BuscaLocalIterada,100,50,10,29.39,1548,146.00,0.80
BuscaLocalIterada,100,50,10,335.45,1476,144.00,0.90
BuscaTabu,100,50,10,2.57,1004,148.00,-1.00
BuscaTabu,100,50,10,2.13,1004,148.00,0.01
BuscaTabu,100,50,10,2.21,1004,148.00,0.02
BuscaTabu,100,50,10,2.16,1004,148.00,0.03
BuscaTabu,100,50,10,2.66,1004,148.00,0.04
BuscaTabu,100,50,10,2.79,1004,148.00,0.05
BuscaTabu,100,50,10,2.77,1004,148.00,0.06
BuscaTabu,100,50,10,2.42,1004,148.00,0.07
BuscaTabu,100,50,10,2.61,1004,148.00,0.08
BuscaTabu,100,50,10,2.47,1004,148.00,0.09
TemperaSimulada,100,50,10,0.00,52,165.00,0.80
TemperaSimulada,100,50,10,0.00,71,165.00,0.85
TemperaSimulada,100,50,10,0.00,110,165.00,0.90
TemperaSimulada,100,50,10,0.00,225,165.00,0.95
TemperaSimulada,100,50,10,0.00,1000,165.00,0.99
